customer_id,prev_transaction_id,curr_transaction_id,prev_timestamp,curr_timestamp,hours_between,distance_km,implied_speed_kmh,prev_rail,curr_rail,prev_amount_brl,curr_amount_brl,prev_geo_country,curr_geo_country,prev_ip_country,curr_ip_country,prev_country_risk_geo,curr_country_risk_geo,prev_country_risk_ip,curr_country_risk_ip,prev_ip_anomaly,curr_ip_anomaly,prev_ip_proxy_vpn_tor,curr_ip_proxy_vpn_tor,prev_device_rooted,curr_device_rooted,prev_cross_border,curr_cross_border,risk_flags,severity,priority_candidate,rule_id,rule_name
C100392,T8DGGXAWXFEVX,THL18899DG0S9,2025-07-06 23:28:02,2025-07-07 00:38:39,1.177,19172.7,16290.2,Card,Card,1443.6,1792.16,CN,BR,BR,BR,Low,Low,Low,Low,No,No,None,Tor,No,No,Yes,No,proxy_vpn_tor;cross_border;geo_country_change,Alta,Yes,R17,Geo-salto físico improvável
C100175,TW1YB5B4HQ5FE,TEQWZI47CYGDF,2025-07-01 21:02:58,2025-07-02 00:30:08,3.453,18946.4,5487.3,Card,PIX,557.83,1515.05,BR,MM,BR,BR,Low,High,Low,Low,No,No,None,None,No,No,No,Yes,geo_country_high_risk;cross_border;geo_country_change,Alta,Yes,R17,Geo-salto físico improvável
C101840,TXWQCS7WA7A8F,T79ASGBY4HSJI,2025-08-23 23:34:27,2025-08-24 01:52:43,2.304,18754.7,8138.5,Card,PIX,295.14,684.66,CN,BR,BR,BR,Low,Low,Low,Low,No,No,None,None,No,No,Yes,No,cross_border;geo_country_change,Alta,Yes,R17,Geo-salto físico improvável
C101000,TJ4PR2XBNKROB,T1SFFAQ8Z8EJV,2025-07-21 03:45:36,2025-07-21 11:37:49,7.87,18743.5,2381.6,PIX,PIX,14324.1,2503.12,CN,BR,BR,BR,Low,Low,Low,Low,No,No,Proxy,None,No,No,Yes,No,proxy_vpn_tor;cross_border;geo_country_change,Alta,Yes,R17,Geo-salto físico improvável
C101393,TWIRJQVO9IIGT,TLOXEOYK86WNS,2025-09-14 15:01:58,2025-09-15 02:33:56,11.533,18729.3,1624.0,PIX,Card,4676.21,3134.51,MM,BR,BR,BR,High,Low,Low,Low,No,No,None,None,No,Yes,Yes,No,geo_country_high_risk;device_rooted;cross_border;geo_country_change,Alta,Yes,R17,Geo-salto físico improvável
C100999,TB98HD43FFTL6,T8MKNFHNU1TWG,2025-08-20 14:54:40,2025-08-20 16:03:33,1.148,18570.0,16175.2,Wire,Card,1769.82,11622.73,KP,BR,BR,BR,High,Low,Low,Low,No,No,None,None,No,No,Yes,No,geo_country_high_risk;cross_border;geo_country_change,Alta,Yes,R17,Geo-salto físico improvável
C101251,TDZPBYRW9PJ4P,TH27K67ZZARP6,2025-08-09 15:00:06,2025-08-09 16:41:52,1.696,18373.8,10832.9,PIX,PIX,399.24,2763.87,CN,BR,BR,BR,Low,Low,Low,Low,No,No,None,None,No,No,Yes,No,cross_border;geo_country_change,Alta,Yes,R17,Geo-salto físico improvável
C100931,TDC9BGVJ57XUQ,T02F7E8238N0W,2025-08-08 23:07:14,2025-08-09 09:37:52,10.511,18363.0,1747.1,PIX,PIX,5751.06,1763.52,BR,CN,BR,BR,Low,Low,Low,Low,No,No,Tor,None,No,No,No,Yes,proxy_vpn_tor;cross_border;geo_country_change,Alta,Yes,R17,Geo-salto físico improvável
C101426,TL4EPOYFYHYKO,T2UHTEPM8R3OJ,2025-09-13 20:23:11,2025-09-13 21:53:57,1.513,18318.2,12109.0,Card,PIX,2607.67,1201.85,CN,BR,BR,BR,Low,Low,Low,Low,No,No,None,None,No,No,Yes,No,cross_border;geo_country_change,Alta,Yes,R17,Geo-salto físico improvável
C100227,TPZGP0O1FCZRE,TVHN59NUZQ32U,2025-08-29 05:20:12,2025-08-29 14:01:11,8.683,18267.3,2103.8,PIX,Card,2360.2,935.34,BR,MM,BR,AR,Low,High,Low,Low,No,No,None,None,No,No,No,Yes,geo_country_high_risk;cross_border;geo_country_change,Alta,Yes,R17,Geo-salto físico improvável
C100162,TE9E9J7L79G4F,TPDS7PCZBZW6R,2025-08-12 05:01:28,2025-08-12 14:37:00,9.592,18241.8,1901.7,PIX,PIX,2460.54,5251.4,BR,KP,BR,BR,Low,High,Low,Low,No,No,None,None,No,No,No,Yes,geo_country_high_risk;cross_border;geo_country_change,Alta,Yes,R17,Geo-salto físico improvável
C100424,TBT3OS2AAAA60,T9PH08OQJVLF3,2025-08-29 21:06:20,2025-08-30 06:59:14,9.882,18106.1,1832.3,PIX,Card,3664.14,780.85,BR,KP,BR,BR,Low,High,Low,Low,No,No,None,None,No,No,No,Yes,geo_country_high_risk;cross_border;geo_country_change,Alta,Yes,R17,Geo-salto físico improvável
C100509,T8JCIYDAUHJGM,TNO0GV8O1L2XE,2025-09-06 07:30:26,2025-09-06 10:31:58,3.026,18053.1,5966.9,PIX,Card,1187.89,4496.2,KP,BR,BR,BR,High,Low,Low,Low,No,No,None,None,No,No,Yes,No,geo_country_high_risk;cross_border;geo_country_change,Alta,Yes,R17,Geo-salto físico improvável
C102181,TJNBKQPB04Y1N,TIM5VVV42P958,2025-08-25 19:38:59,2025-08-25 19:45:25,0.107,17997.3,167850.5,PIX,PIX,2244.58,5066.26,BR,CN,BR,BR,Low,Low,Low,Low,No,No,None,None,No,No,No,Yes,cross_border;geo_country_change,Alta,Yes,R17,Geo-salto físico improvável
C101102,T0BNFCXNK3QB9,TATQ6QF650BIL,2025-09-05 18:12:40,2025-09-05 18:19:42,0.117,17992.3,153488.8,PIX,PIX,7092.83,2094.25,BR,KP,BR,BR,Low,High,Low,Low,No,No,None,None,No,No,No,Yes,geo_country_high_risk;cross_border;geo_country_change,Alta,Yes,R17,Geo-salto físico improvável
C102151,TGE7YLQIBLP0F,T4CPVBWTZ2JBZ,2025-07-31 17:25:25,2025-08-01 01:13:16,7.798,17947.1,2301.6,PIX,PIX,1933.34,40080.52,KP,BR,BR,BR,High,Low,Low,Low,No,No,None,None,No,No,Yes,No,geo_country_high_risk;cross_border;geo_country_change,Alta,Yes,R17,Geo-salto físico improvável
C101028,TFNO8A1FBZUMA,T4ZAVV478VX1Q,2025-07-01 08:48:15,2025-07-01 12:27:12,3.649,17942.8,4917.0,Card,PIX,4390.02,10557.78,KP,BR,BR,BR,High,Low,Low,Low,No,No,None,None,No,No,Yes,No,geo_country_high_risk;cross_border;geo_country_change,Alta,Yes,R17,Geo-salto físico improvável
C102436,TSKLJVQ36MVVW,TTMGLV4N7JNXI,2025-07-26 18:03:11,2025-07-26 20:40:06,2.615,17784.7,6800.3,Card,Card,1333.4,10079.88,KP,BR,BR,BR,High,Low,Low,Low,No,No,None,None,No,No,Yes,No,geo_country_high_risk;cross_border;geo_country_change,Alta,Yes,R17,Geo-salto físico improvável
C101706,TDHKT2X1LKIPG,TBGN1ZHARKDF5,2025-10-04 03:55:40,2025-10-04 07:35:59,3.672,17783.6,4843.1,PIX,PIX,4094.65,4113.08,BR,MM,BR,BR,Low,High,Low,Low,No,No,None,None,No,No,No,Yes,geo_country_high_risk;cross_border;geo_country_change,Alta,Yes,R17,Geo-salto físico improvável
C101952,T4MUH7VLIPOFC,T8WDHK89FRIGD,2025-09-11 19:58:26,2025-09-11 21:26:37,1.47,17712.6,12051.7,Card,PIX,2132.69,986.25,CN,BR,BR,BR,Low,Low,Low,Low,No,No,None,None,No,No,Yes,No,cross_border;geo_country_change,Alta,Yes,R17,Geo-salto físico improvável
C102170,TCS0B56UYGD39,T59JIUS7DZOPP,2025-08-25 22:40:49,2025-08-26 06:24:59,7.736,17631.0,2279.0,PIX,Card,7977.84,452.56,CN,BR,BR,BR,Low,Low,Low,Low,No,No,VPN,None,No,No,Yes,No,proxy_vpn_tor;cross_border;geo_country_change,Alta,Yes,R17,Geo-salto físico improvável
C101006,T92R0ISZ652WH,TPRL8FSNJODU4,2025-08-05 02:54:09,2025-08-05 07:43:39,4.825,17621.8,3652.2,PIX,PIX,4800.24,874.75,KP,BR,BR,BR,High,Low,Low,Low,No,No,None,None,No,No,Yes,No,geo_country_high_risk;cross_border;geo_country_change,Alta,Yes,R17,Geo-salto físico improvável
C101892,TOJS8J2HFD1UV,T1041HP33NSR4,2025-07-22 07:38:15,2025-07-22 12:39:46,5.025,17550.4,3492.4,Card,PIX,2042.52,460.16,BR,MM,BR,BR,Low,High,Low,Low,No,No,VPN,None,No,No,No,Yes,geo_country_high_risk;proxy_vpn_tor;cross_border;geo_country_change,Alta,Yes,R17,Geo-salto físico improvável
C100162,TPDS7PCZBZW6R,TO8N0XF3TDR06,2025-08-12 14:37:00,2025-08-13 02:00:15,11.387,17493.1,1536.2,PIX,Card,5251.4,11294.8,KP,BR,BR,BR,High,Low,Low,Low,No,No,None,Proxy,No,No,Yes,No,geo_country_high_risk;proxy_vpn_tor;cross_border;geo_country_change,Alta,Yes,R17,Geo-salto físico improvável
C100779,TKC6YN1R1OASJ,T8LKB781YUFFB,2025-08-01 12:52:18,2025-08-01 23:36:17,10.733,17377.3,1619.0,PIX,Card,271.71,3154.99,KP,BR,BR,BR,High,Low,Low,Low,No,No,None,None,No,No,Yes,No,geo_country_high_risk;cross_border;geo_country_change,Alta,Yes,R17,Geo-salto físico improvável
C101262,TI41HOON83H4L,T9IR63QVJVXKC,2025-07-20 20:15:14,2025-07-21 04:04:32,7.822,17223.7,2202.1,PIX,Card,503.6,7583.04,MM,BR,BR,BR,High,Low,Low,Low,No,No,None,None,No,No,Yes,No,geo_country_high_risk;cross_border;geo_country_change,Alta,Yes,R17,Geo-salto físico improvável
C100797,TIEQFPF54E70U,TXC9U4WPU5V1W,2025-09-09 13:34:29,2025-09-09 14:37:36,1.052,17092.0,16248.0,Card,PIX,1553.87,3693.19,BR,CN,BR,BR,Low,Low,Low,Low,No,No,None,None,No,No,No,Yes,cross_border;geo_country_change,Alta,Yes,R17,Geo-salto físico improvável
C102300,TDHKHVW0UC6C7,TR34G9HT8H6C0,2025-08-21 13:38:17,2025-08-21 15:26:35,1.805,17039.5,9440.1,Card,PIX,8331.69,2204.08,BR,CN,BR,PT,Low,Low,Low,Low,No,No,None,None,No,No,No,Yes,cross_border;geo_country_change,Alta,Yes,R17,Geo-salto físico improvável
C100579,THLGHD1C3ZUGS,TCCC0GOBGGU88,2025-09-01 15:44:48,2025-09-01 19:44:34,3.996,17029.8,4261.6,Card,Wire,2143.19,2674.36,MM,BR,BR,BR,High,Low,Low,Low,No,No,None,None,No,No,Yes,No,geo_country_high_risk;cross_border;geo_country_change,Alta,Yes,R17,Geo-salto físico improvável
C101034,TMFM222PFCMN5,TCOFMBC9YL9M7,2025-09-17 06:33:08,2025-09-17 18:05:11,11.534,16988.1,1472.8,Card,Card,4940.8,1697.77,BR,CN,BR,BR,Low,Low,Low,Low,No,No,None,Proxy,No,No,No,Yes,proxy_vpn_tor;cross_border;geo_country_change,Alta,Yes,R17,Geo-salto físico improvável
C101937,TMWUY84JXGTT1,T14796DXCMVMV,2025-07-16 00:29:13,2025-07-16 03:42:13,3.217,16916.8,5259.1,Card,PIX,3513.84,2394.93,KP,BR,BR,BR,High,Low,Low,Low,No,No,None,None,No,No,Yes,No,geo_country_high_risk;cross_border;geo_country_change,Alta,Yes,R17,Geo-salto físico improvável
C101349,TZBK6RS9XNFHG,TWKNRM2E3VMPD,2025-07-08 00:11:39,2025-07-08 08:18:55,8.121,16799.5,2068.6,PIX,Card,4553.42,8354.64,AR,MM,BR,BR,Low,High,Low,Low,No,No,None,None,No,No,Yes,Yes,geo_country_high_risk;cross_border;geo_country_change,Alta,Yes,R17,Geo-salto físico improvável
C100766,TZOYW0FJH4W8S,T5MEVTS30J5HK,2025-09-04 05:38:33,2025-09-04 10:55:57,5.29,16746.6,3165.7,PIX,PIX,1763.98,6524.07,BR,CN,BR,BR,Low,Low,Low,Low,No,No,None,None,Yes,No,No,Yes,device_rooted;cross_border;geo_country_change,Alta,Yes,R17,Geo-salto físico improvável
C102378,TPZQCGG6DJK6J,TLMUMV3K1TB0J,2025-07-17 11:14:20,2025-07-17 13:25:27,2.185,16726.1,7654.0,PIX,PIX,362.07,531.34,MM,BR,BR,BR,High,Low,Low,Low,No,No,None,None,No,No,Yes,No,geo_country_high_risk;cross_border;geo_country_change,Alta,Yes,R17,Geo-salto físico improvável
C100568,TGXMZJYUBX400,TFB4J0PR3V9CS,2025-07-02 03:09:05,2025-07-02 13:56:11,10.785,16683.6,1546.9,PIX,PIX,2745.15,11739.44,BR,KP,BR,BR,Low,High,Low,Low,No,No,None,None,No,No,No,Yes,geo_country_high_risk;cross_border;geo_country_change,Alta,Yes,R17,Geo-salto físico improvável
C100487,T4ZOCF37U0BW1,TX8WVMHVKT537,2025-08-04 00:21:33,2025-08-04 11:14:53,10.889,16532.9,1518.3,PIX,PIX,199.29,3020.14,KP,BR,BR,BR,High,Low,Low,Low,No,No,None,None,No,No,Yes,No,geo_country_high_risk;cross_border;geo_country_change,Alta,Yes,R17,Geo-salto físico improvável
C101583,T7NCL5JZ16OZO,TNTBF0YDYD9AY,2025-09-29 22:19:25,2025-09-30 02:57:10,4.629,16509.6,3566.4,PIX,Wire,1601.69,1707.36,BR,KP,BR,BR,Low,High,Low,Low,No,No,None,None,No,No,No,Yes,geo_country_high_risk;cross_border;geo_country_change,Alta,Yes,R17,Geo-salto físico improvável
C100225,T43HNRP3OYTC7,TVL5YF91G1C1X,2025-09-30 03:44:11,2025-09-30 07:31:21,3.786,16437.0,4341.4,PIX,PIX,3100.26,12453.2,BR,RU,BR,BR,Low,Monitored,Low,Low,No,No,Proxy,None,No,No,No,Yes,proxy_vpn_tor;cross_border;geo_country_change,Alta,Yes,R17,Geo-salto físico improvável
C102132,T90OK4HP796DZ,TQKLO16ZZG86C,2025-07-18 07:47:55,2025-07-18 09:14:21,1.441,16363.0,11358.8,Card,PIX,3891.23,3170.22,BR,CN,BR,BR,Low,Low,Low,Low,No,No,None,None,No,No,No,Yes,cross_border;geo_country_change,Alta,Yes,R17,Geo-salto físico improvável
C100903,TP2A47O7F77KI,TPMER9W6NCL04,2025-07-23 09:09:41,2025-07-23 15:50:17,6.677,16319.2,2444.2,Card,Card,3543.58,1573.98,CN,BR,BR,BR,Low,Low,Low,Low,No,No,None,Proxy,No,No,Yes,No,proxy_vpn_tor;cross_border;geo_country_change,Alta,Yes,R17,Geo-salto físico improvável
C101920,TY0HLTDBNZNPA,T37V5E0090VJA,2025-07-09 15:10:17,2025-07-09 22:48:30,7.637,16291.8,2133.3,PIX,PIX,512.95,1941.87,BR,KP,BR,BR,Low,High,Low,Low,No,No,None,None,No,No,No,Yes,geo_country_high_risk;cross_border;geo_country_change,Alta,Yes,R17,Geo-salto físico improvável
C102411,TSB5U6L1749QN,TZUC27HHLVWDP,2025-09-28 09:34:41,2025-09-28 10:27:26,0.879,16233.1,18464.2,Card,PIX,2105.76,2348.93,BR,KP,BR,BR,Low,High,Low,Low,No,No,None,None,No,No,No,Yes,geo_country_high_risk;cross_border;geo_country_change,Alta,Yes,R17,Geo-salto físico improvável
C101942,TZI87CAQRDMPR,TFFC4U7SLWERJ,2025-07-01 14:11:46,2025-07-01 19:53:35,5.697,16115.2,2828.8,Card,PIX,3000.89,6100.05,BR,MM,BR,BR,Low,High,Low,Low,No,No,None,None,No,No,No,Yes,geo_country_high_risk;cross_border;geo_country_change,Alta,Yes,R17,Geo-salto físico improvável
C101530,TCDK0UO44GDFG,TU4731S9CR181,2025-08-05 22:18:11,2025-08-05 22:44:22,0.436,16102.4,36899.2,PIX,PIX,437.32,463.74,BR,CN,BR,BR,Low,Low,Low,Low,No,No,None,VPN,No,No,No,Yes,proxy_vpn_tor;cross_border;geo_country_change,Alta,Yes,R17,Geo-salto físico improvável
C100033,TJORCMUR03NAQ,TIUPC73Y0R3J9,2025-07-12 07:03:04,2025-07-12 12:47:11,5.735,16019.8,2793.2,PIX,PIX,7479.06,704.31,BR,MM,BR,BR,Low,High,Low,Low,No,No,None,None,No,No,No,Yes,geo_country_high_risk;cross_border;geo_country_change,Alta,Yes,R17,Geo-salto físico improvável
C100813,TTWVCYNKR9ZET,TSMUD2CVARB3C,2025-08-03 07:34:15,2025-08-03 10:30:51,2.943,16003.3,5437.1,PIX,PIX,1016.75,3208.68,BR,CN,BR,BR,Low,Low,Low,Low,No,No,None,None,No,No,No,Yes,cross_border;geo_country_change,Alta,Yes,R17,Geo-salto físico improvável
C102454,TBAA7GBO7W5UU,TLJYG9FRFTJUY,2025-09-02 20:24:46,2025-09-03 03:24:21,6.993,15981.9,2285.4,Card,PIX,3612.53,1377.81,KP,BR,BR,BR,High,Low,Low,Low,No,No,None,None,No,No,Yes,No,geo_country_high_risk;cross_border;geo_country_change,Alta,Yes,R17,Geo-salto físico improvável
C101973,TVG95OZASZ5VX,T3VP1HWRBF614,2025-08-08 11:44:17,2025-08-08 16:04:47,4.342,15939.0,3671.2,PIX,Wire,3110.3,2149.85,BR,MM,BR,BR,Low,High,Low,Low,No,No,None,None,No,Yes,No,Yes,geo_country_high_risk;device_rooted;cross_border;geo_country_change,Alta,Yes,R17,Geo-salto físico improvável
C102040,TC1Y2A8SSWDQC,TEBNDWXG2S11L,2025-07-25 23:29:36,2025-07-26 05:43:13,6.227,15931.3,2558.4,Wire,PIX,2132.35,1949.88,CN,BR,BR,BR,Low,Low,Low,Low,No,No,Proxy,None,No,No,Yes,No,proxy_vpn_tor;cross_border;geo_country_change,Alta,Yes,R17,Geo-salto físico improvável
C101523,TP812HOUC3Q6O,TECG66RHG2FTK,2025-08-30 21:34:08,2025-08-31 00:40:13,3.101,15901.0,5127.1,PIX,PIX,3856.17,6281.75,KP,BR,BR,BR,High,Low,Low,Low,No,No,None,None,No,No,Yes,No,geo_country_high_risk;cross_border;geo_country_change,Alta,Yes,R17,Geo-salto físico improvável
C100251,TO7JUTAMOPGZ6,TLFDT176DUGZI,2025-09-24 18:30:22,2025-09-25 03:56:59,9.444,15874.1,1680.9,Card,PIX,7240.1,923.86,KP,BR,BR,BR,High,Low,Low,Low,No,No,None,None,No,No,Yes,No,geo_country_high_risk;cross_border;geo_country_change,Alta,Yes,R17,Geo-salto físico improvável
C101378,TV4G4U86L17N9,TOCGZVKM05284,2025-09-29 03:16:16,2025-09-29 09:52:42,6.607,15867.7,2401.6,PIX,Card,994.93,3273.87,KP,BR,BR,BR,High,Low,Low,Low,No,No,None,None,No,No,Yes,No,geo_country_high_risk;cross_border;geo_country_change,Alta,Yes,R17,Geo-salto físico improvável
C102214,TQ3PWTMNJUZO2,T3MCKJGXYCZX8,2025-08-25 10:38:05,2025-08-25 19:19:53,8.697,15849.0,1822.4,PIX,PIX,500.31,1095.53,BR,MM,BR,BR,Low,High,Low,Low,No,No,None,None,No,No,No,Yes,geo_country_high_risk;cross_border;geo_country_change,Alta,Yes,R17,Geo-salto físico improvável
C101086,TNGN0EZOXEP46,T12PIYR94JDAW,2025-07-20 08:11:11,2025-07-20 15:31:31,7.339,15801.0,2153.0,PIX,PIX,1916.39,787.09,MM,BR,BR,BR,High,Low,Low,Low,No,No,None,None,No,No,Yes,No,geo_country_high_risk;cross_border;geo_country_change,Alta,Yes,R17,Geo-salto físico improvável
C100549,TFZ2LPCWLCVO0,T0RMGXH0S3V3V,2025-08-22 00:04:54,2025-08-22 02:08:15,2.056,15757.6,7664.8,Card,PIX,2590.2,1848.07,CN,BR,BR,BR,Low,Low,Low,Low,No,No,None,None,No,No,Yes,No,cross_border;geo_country_change,Alta,Yes,R17,Geo-salto físico improvável
C101755,T72U50YASR0T2,TCQCUMUBDVNJ5,2025-09-27 07:24:14,2025-09-27 10:29:32,3.088,15739.9,5096.6,PIX,Card,635.7,1296.3,BR,AF,BR,BR,Low,High,Low,Low,No,No,None,None,No,No,No,Yes,geo_country_high_risk;cross_border;geo_country_change,Alta,Yes,R17,Geo-salto físico improvável
C100963,TE8D1QDFNK422,TO91BP9W3XUQQ,2025-07-21 06:44:13,2025-07-21 09:55:50,3.194,15739.4,4928.4,Card,PIX,3071.49,9109.43,BR,CN,BR,BR,Low,Low,Low,Low,No,No,VPN,None,No,No,No,Yes,proxy_vpn_tor;cross_border;geo_country_change,Alta,Yes,R17,Geo-salto físico improvável
C101450,T2P2CCWXOBPMY,TK0U91X7P8Y8R,2025-07-04 08:11:29,2025-07-04 17:34:39,9.386,15733.2,1676.2,Card,Card,10322.7,1580.98,CN,BR,AF,BR,Low,Low,High,Low,Yes,No,None,None,No,No,Yes,No,ip_country_high_risk;ip_anomaly;cross_border;geo_country_change,Alta,Yes,R17,Geo-salto físico improvável
C100307,TJGMI6GCYFXP0,T91UPVXRSVG75,2025-09-26 18:05:05,2025-09-27 02:31:14,8.436,15722.5,1863.8,PIX,PIX,2766.42,957.69,BR,MM,BR,BR,Low,High,Low,Low,No,No,None,None,No,No,No,Yes,geo_country_high_risk;cross_border;geo_country_change,Alta,Yes,R17,Geo-salto físico improvável
C100087,TIVUBHELREI3K,TJSWWIRTV74N9,2025-09-17 06:44:06,2025-09-17 08:02:59,1.315,15668.1,11917.4,PIX,Card,893.46,1145.62,CN,BR,BR,BR,Low,Low,Low,Low,No,No,None,None,No,Yes,Yes,No,device_rooted;cross_border;geo_country_change,Alta,Yes,R17,Geo-salto físico improvável
C101086,TL8GE2RCK994O,TNGN0EZOXEP46,2025-07-20 07:51:51,2025-07-20 08:11:11,0.322,15570.6,48322.6,PIX,PIX,2009.35,1916.39,BR,MM,BR,BR,Low,High,Low,Low,No,No,None,None,No,No,No,Yes,geo_country_high_risk;cross_border;geo_country_change,Alta,Yes,R17,Geo-salto físico improvável
C101295,T4YVQULNBWX70,T2J0AGSUCRM7D,2025-09-16 20:45:12,2025-09-17 04:58:47,8.226,15542.3,1889.3,Card,PIX,2896.82,4265.52,KP,BR,BR,BR,High,Low,Low,Low,No,No,None,VPN,No,No,Yes,No,geo_country_high_risk;proxy_vpn_tor;cross_border;geo_country_change,Alta,Yes,R17,Geo-salto físico improvável
C101547,TOJ85L5M6CCXH,TU0YKABLTAHON,2025-07-22 01:01:52,2025-07-22 11:47:04,10.753,15541.6,1445.3,PIX,Card,3666.86,165.91,MM,BR,BR,BR,High,Low,Low,Low,No,No,None,VPN,No,No,Yes,No,geo_country_high_risk;proxy_vpn_tor;cross_border;geo_country_change,Alta,Yes,R17,Geo-salto físico improvável
C100061,T9HN8E8XEH242,TLJYP9V2G1K15,2025-08-30 06:41:05,2025-08-30 10:23:42,3.71,15468.7,4169.2,PIX,PIX,638.86,1617.71,BR,MM,BR,BR,Low,High,Low,Low,No,No,None,None,No,No,No,Yes,geo_country_high_risk;cross_border;geo_country_change,Alta,Yes,R17,Geo-salto físico improvável
C101038,TY3IS17YPT2V3,T19W42LV0PB7N,2025-07-12 10:20:59,2025-07-12 18:39:17,8.305,15332.1,1846.1,Card,PIX,6783.72,1028.58,MM,BR,BR,BR,High,Low,Low,Low,No,No,None,None,No,No,Yes,No,geo_country_high_risk;cross_border;geo_country_change,Alta,Yes,R17,Geo-salto físico improvável
C101052,TW35JJHMV1QTZ,T57UKC5Y463KU,2025-07-21 08:27:33,2025-07-21 08:46:12,0.311,15268.3,49120.6,PIX,Card,575.33,6044.64,CN,BR,BR,BR,Low,Low,Low,Low,No,No,VPN,None,No,No,Yes,No,proxy_vpn_tor;cross_border;geo_country_change,Alta,Yes,R17,Geo-salto físico improvável
C100058,TVY5S8URI8VKR,TN25YN26YW8XQ,2025-08-06 19:39:01,2025-08-06 22:35:08,2.935,15251.6,5196.0,PIX,PIX,3038.28,10040.71,BR,CN,BR,BR,Low,Low,Low,Low,No,No,None,None,No,No,No,Yes,cross_border;geo_country_change,Alta,Yes,R17,Geo-salto físico improvável
C100027,T9F7OXP6CUBGM,T2OYGAK7CDPM3,2025-07-09 11:57:30,2025-07-09 14:16:21,2.314,15152.4,6547.7,PIX,Card,9657.14,6891.82,KP,BR,BR,BR,High,Low,Low,Low,No,No,None,None,No,No,Yes,No,geo_country_high_risk;cross_border;geo_country_change,Alta,Yes,R17,Geo-salto físico improvável
C101274,TM56YEQ0YN0MU,TSYVHPS9TIEF9,2025-09-26 21:32:35,2025-09-27 07:55:30,10.382,15130.5,1457.4,Card,PIX,781.98,30553.45,BR,KP,BR,BR,Low,High,Low,Low,No,No,None,None,No,No,No,Yes,geo_country_high_risk;cross_border;geo_country_change,Alta,Yes,R17,Geo-salto físico improvável
C100136,TIPVNM1XGXHOC,TJ1DOY0MT36DE,2025-07-16 06:43:16,2025-07-16 10:39:59,3.945,15092.1,3825.4,PIX,Card,2342.52,463.9,BR,MM,BR,BR,Low,High,Low,Low,No,No,None,None,No,No,No,Yes,geo_country_high_risk;cross_border;geo_country_change,Alta,Yes,R17,Geo-salto físico improvável
C100516,TU9QE5T9BVVNM,TUC0P0TEW9XW4,2025-09-16 17:20:45,2025-09-16 17:42:04,0.355,15067.7,42411.0,Card,PIX,6618.56,1254.83,BR,CN,BR,BR,Low,Low,Low,Low,No,No,None,None,No,No,No,Yes,cross_border;geo_country_change,Alta,Yes,R17,Geo-salto físico improvável
C100404,TU238YJQ5AAQO,TOY4QEWMU8ZGU,2025-09-28 20:17:07,2025-09-29 06:10:39,9.892,14984.8,1514.8,PIX,Card,1603.67,609.95,BR,CN,BR,BR,Low,Low,Low,Low,No,No,None,VPN,No,No,No,Yes,proxy_vpn_tor;cross_border;geo_country_change,Alta,Yes,R17,Geo-salto físico improvável
C101240,TDR4E9K8O64TA,TK0BBWSIHG89C,2025-10-01 05:57:38,2025-10-01 08:47:00,2.823,14860.6,5264.5,PIX,PIX,6378.21,2702.85,MM,BR,BR,BR,High,Low,Low,Low,No,No,None,None,No,No,Yes,No,geo_country_high_risk;cross_border;geo_country_change,Alta,Yes,R17,Geo-salto físico improvável
C102099,TZH6RNOAJM3KL,T3TUYI0UK1QIM,2025-08-07 08:15:53,2025-08-07 08:32:17,0.273,14829.3,54253.5,PIX,Card,1706.99,4735.32,BR,CN,BR,BR,Low,Low,Low,Low,No,No,None,None,No,No,No,Yes,cross_border;geo_country_change,Alta,Yes,R17,Geo-salto físico improvável
C100634,TFOY0G58CWSS5,TTWDJ8MN079WO,2025-09-08 15:46:11,2025-09-08 17:34:21,1.803,14797.9,8208.4,PIX,PIX,1697.59,25798.18,CN,BR,BR,BR,Low,Low,Low,Low,No,No,None,None,No,No,Yes,No,cross_border;geo_country_change,Alta,Yes,R17,Geo-salto físico improvável
C101351,T7J79JWQQNVM1,TG392QV9A4UL1,2025-09-02 06:04:42,2025-09-02 09:21:35,3.281,14777.8,4503.5,Card,PIX,4009.98,12982.82,CN,BR,BR,BR,Low,Low,Low,Low,No,No,None,None,Yes,No,Yes,No,device_rooted;cross_border;geo_country_change,Alta,Yes,R17,Geo-salto físico improvável
C101482,TBCEAUYKUMX3P,TARDYTAR5MYG2,2025-09-11 19:14:55,2025-09-12 01:11:19,5.94,14766.0,2485.9,PIX,PIX,3093.25,11671.03,BR,AE,BR,BR,Low,Low,Low,Low,No,No,None,None,No,Yes,No,Yes,device_rooted;cross_border;geo_country_change,Alta,Yes,R17,Geo-salto físico improvável
C100313,TGKBUMA5XLWOJ,TDQC1NNU6RFJX,2025-09-10 21:59:17,2025-09-11 08:13:46,10.241,14754.6,1440.7,PIX,PIX,485.56,9379.56,BR,KP,BR,BR,Low,High,Low,Low,No,No,None,None,No,No,No,Yes,geo_country_high_risk;cross_border;geo_country_change,Alta,Yes,R17,Geo-salto físico improvável
C101328,THT6I6KX0O4JF,TBCH9XR7G7DGB,2025-09-24 04:33:14,2025-09-24 08:40:07,4.115,14713.9,3575.9,Wire,Card,1529.04,2423.5,BR,AF,BR,BR,Low,High,Low,Low,No,No,VPN,None,No,No,No,Yes,geo_country_high_risk;proxy_vpn_tor;cross_border;geo_country_change,Alta,Yes,R17,Geo-salto físico improvável
C101874,T06QA37CQLKF1,T8JAK2WUQR1K6,2025-07-26 07:20:21,2025-07-26 10:01:39,2.688,14713.4,5473.0,Card,Card,5317.34,1728.27,BR,CN,BR,PT,Low,Low,Low,Low,No,No,None,VPN,No,No,No,Yes,proxy_vpn_tor;cross_border;geo_country_change,Alta,Yes,R17,Geo-salto físico improvável
C100894,TGSJVSICHXP7C,TIEJ8W0ZM1QUO,2025-07-01 12:44:21,2025-07-01 16:03:39,3.322,14708.0,4427.9,PIX,PIX,3318.73,1093.51,RU,BR,BR,BR,Monitored,Low,Low,Low,No,No,None,None,No,Yes,Yes,No,device_rooted;cross_border;geo_country_change,Alta,Yes,R17,Geo-salto físico improvável
C102253,TCF4G7K0ORSMI,T5UBDQ70ISMJK,2025-08-27 15:25:37,2025-08-27 23:33:23,8.129,14701.8,1808.5,PIX,PIX,7041.3,7208.51,KP,BR,BR,BR,High,Low,Low,Low,No,No,None,None,No,Yes,Yes,No,geo_country_high_risk;device_rooted;cross_border;geo_country_change,Alta,Yes,R17,Geo-salto físico improvável
C100905,TMCQUA400PDIO,TSKI2N590KLTF,2025-09-02 04:55:37,2025-09-02 12:24:48,7.486,14590.4,1948.9,PIX,PIX,7313.81,1257.0,CN,BR,BR,BR,Low,Low,Low,Low,No,No,None,None,No,Yes,Yes,No,device_rooted;cross_border;geo_country_change,Alta,Yes,R17,Geo-salto físico improvável
C100946,TG6AXCCP200DM,T4JJST46OT1U3,2025-08-22 17:42:35,2025-08-22 18:47:26,1.081,14549.5,13461.4,Wire,PIX,1963.92,1667.57,CN,BR,BR,BR,Low,Low,Low,Low,No,No,None,None,No,No,Yes,No,cross_border;geo_country_change,Alta,Yes,R17,Geo-salto físico improvável
C102255,TWFN3DC030ZLO,THJWNDUPNLIIA,2025-08-18 19:53:58,2025-08-19 04:42:13,8.804,14538.4,1651.3,PIX,PIX,2500.1,1527.76,CN,BR,BR,BR,Low,Low,Low,Low,No,No,None,Proxy,No,No,Yes,No,proxy_vpn_tor;cross_border;geo_country_change,Alta,Yes,R17,Geo-salto físico improvável
C101717,TIT4F1FDQC516,T7YH80HS8IVE9,2025-08-24 19:17:41,2025-08-24 21:49:19,2.527,14420.0,5705.9,PIX,PIX,5247.37,12765.18,BR,AE,BR,BR,Low,Low,Low,Low,No,No,None,None,No,No,No,Yes,cross_border;geo_country_change,Alta,Yes,R17,Geo-salto físico improvável
C101668,TBQ3071ZBF0L7,TUXPYQ7EL52VH,2025-07-10 04:36:45,2025-07-10 07:17:54,2.686,14255.2,5307.6,PIX,PIX,1927.52,4226.2,CN,BR,AR,BR,Low,Low,Low,Low,No,No,None,None,No,No,Yes,No,cross_border;geo_country_change,Alta,Yes,R17,Geo-salto físico improvável
C101413,THA0J4J76HSTN,TQ870BXFHGCB9,2025-07-28 23:30:15,2025-07-29 08:46:35,9.272,14234.3,1535.2,Wire,PIX,4565.97,1147.43,BR,AE,BR,BR,Low,Low,Low,Low,No,No,None,None,Yes,No,No,Yes,device_rooted;cross_border;geo_country_change,Alta,Yes,R17,Geo-salto físico improvável
C100776,TQE3CJ74PIWZP,TW6VDLYDT49YU,2025-09-05 03:30:48,2025-09-05 04:04:33,0.562,14039.1,24958.3,PIX,Card,1435.31,11922.68,BR,AE,BR,BR,Low,Low,Low,Low,No,No,None,None,No,No,No,Yes,cross_border;geo_country_change,Alta,Yes,R17,Geo-salto físico improvável
C100010,TFNRBBNV8S449,TZXAB2K4A0Z49,2025-08-14 23:59:04,2025-08-15 07:42:11,7.719,14013.3,1815.5,PIX,PIX,5203.04,715.53,RU,BR,BR,BR,Monitored,Low,Low,Low,No,No,None,None,Yes,No,Yes,No,device_rooted;cross_border;geo_country_change,Alta,Yes,R17,Geo-salto físico improvável
C101348,TF9DY5AWQCKHQ,T9ASOJIBZ89W3,2025-08-09 23:39:22,2025-08-10 01:41:17,2.032,13969.9,6875.1,PIX,PIX,2567.17,1591.04,BR,AE,BR,BR,Low,Low,Low,Low,No,No,VPN,None,No,No,No,Yes,proxy_vpn_tor;cross_border;geo_country_change,Alta,Yes,R17,Geo-salto físico improvável
C102283,TPE0WQHJ6Z25M,TP5FKY4OS5J4O,2025-07-07 14:08:01,2025-07-07 23:08:54,9.015,13966.9,1549.3,Wire,Card,725.1,546.6,AF,BR,BR,BR,High,Low,Low,Low,No,No,None,None,No,No,Yes,No,geo_country_high_risk;cross_border;geo_country_change,Alta,Yes,R17,Geo-salto físico improvável
C100642,TG6KTL5YRC00J,TTQOG81MGYDDY,2025-09-02 12:09:23,2025-09-02 12:48:01,0.644,13939.4,21648.7,PIX,Card,2210.23,1343.97,BR,RU,BR,BR,Low,Monitored,Low,Low,No,No,None,None,No,No,No,Yes,cross_border;geo_country_change,Alta,Yes,R17,Geo-salto físico improvável
C100941,T0ACITOYZLQW2,TZ5705URDBY9I,2025-07-31 12:09:22,2025-07-31 14:17:52,2.142,13939.4,6508.7,PIX,Wire,789.49,2011.77,YE,BR,BR,BR,Monitored,Low,Low,Low,No,No,None,None,No,No,Yes,No,cross_border;geo_country_change,Alta,Yes,R17,Geo-salto físico improvável
C100853,TS6BW2OH6EYS6,TZ1O0NLVZOOF8,2025-08-01 17:27:38,2025-08-01 18:51:09,1.392,13936.1,10012.0,PIX,Card,471.46,6221.82,BR,AF,BR,BR,Low,High,Low,Low,No,No,None,None,No,No,No,Yes,geo_country_high_risk;cross_border;geo_country_change,Alta,Yes,R17,Geo-salto físico improvável
C101193,T9S1N8MG1BENB,T2H33MKPI8Z4Q,2025-09-24 18:11:18,2025-09-25 04:40:35,10.488,13934.5,1328.6,Card,PIX,4698.17,1762.34,BR,YE,BR,BR,Low,Monitored,Low,Low,No,No,None,None,Yes,No,No,Yes,device_rooted;cross_border;geo_country_change,Alta,Yes,R17,Geo-salto físico improvável
C101003,TIO8E5F687MAU,TF6N4I9KQVT4T,2025-07-21 08:59:50,2025-07-21 20:04:30,11.078,13865.8,1251.7,PIX,PIX,609.48,3989.27,AE,BR,BR,BR,Low,Low,Low,Low,No,No,VPN,None,No,Yes,Yes,No,proxy_vpn_tor;device_rooted;cross_border;geo_country_change,Alta,Yes,R17,Geo-salto físico improvável
C101120,T9LIR913QW98C,TCQZNI6KMI8EL,2025-07-05 13:06:11,2025-07-05 15:24:35,2.307,13856.2,6007.0,PIX,PIX,2152.42,1824.64,CN,BR,BR,BR,Low,Low,Low,Low,No,No,None,None,No,No,Yes,No,cross_border;geo_country_change,Alta,Yes,R17,Geo-salto físico improvável
C101256,TSAIJSILDNVVL,TI8SN4AVEQHO7,2025-09-25 07:18:26,2025-09-25 10:54:26,3.6,13780.1,3827.8,PIX,PIX,12172.89,527.22,AE,BR,BR,BR,Low,Low,Low,Low,No,No,None,Proxy,No,No,Yes,No,proxy_vpn_tor;cross_border;geo_country_change,Alta,Yes,R17,Geo-salto físico improvável
C100012,TJDCS5PZC2KTU,TVDIDRS2KDJJO,2025-08-06 15:12:55,2025-08-07 02:07:09,10.904,13717.3,1258.0,Wire,PIX,205.52,2577.26,BR,SY,BR,BR,Low,High,Low,Low,No,No,None,None,No,No,No,Yes,geo_country_high_risk;cross_border;geo_country_change,Alta,Yes,R17,Geo-salto físico improvável
C101240,TDEIST1DBDB5T,TKEB6DUKUZU3F,2025-08-11 02:48:26,2025-08-11 11:45:53,8.957,13697.7,1529.2,Card,PIX,5917.37,336.57,BR,AF,BR,BR,Low,High,Low,Low,No,No,None,None,No,No,No,Yes,geo_country_high_risk;cross_border;geo_country_change,Alta,Yes,R17,Geo-salto físico improvável
C102155,TV71H4G0QSNIO,TZ1T8DOZ40NRX,2025-07-31 22:48:23,2025-08-01 00:37:31,1.819,13683.4,7523.0,PIX,PIX,5469.95,2423.88,AE,BR,KP,BR,Low,Low,High,Low,Yes,No,None,None,No,No,Yes,No,ip_country_high_risk;ip_anomaly;cross_border;geo_country_change,Alta,Yes,R17,Geo-salto físico improvável
C100653,T4AU44F2HZVF1,T4436U72WPTLU,2025-07-22 22:59:17,2025-07-23 10:05:40,11.106,13672.7,1231.1,Card,Card,9552.14,6952.25,BR,AE,BR,BR,Low,Low,Low,Low,No,No,None,Tor,No,No,No,Yes,proxy_vpn_tor;cross_border;geo_country_change,Alta,Yes,R17,Geo-salto físico improvável
C102355,T0L5PBWJSFY3A,TI5U9NFGBDTCZ,2025-08-10 17:36:12,2025-08-10 22:28:06,4.865,13671.2,2810.1,Card,PIX,957.4,2276.77,AE,BR,BR,BR,Low,Low,Low,Low,No,No,None,Proxy,No,No,Yes,No,proxy_vpn_tor;cross_border;geo_country_change,Alta,Yes,R17,Geo-salto físico improvável
C102393,TMA8RUQI5FCYF,TPWET6GO0CIL6,2025-08-10 03:11:32,2025-08-10 05:04:31,1.883,13671.0,7260.0,Card,PIX,3745.78,2934.42,BR,AE,BR,BR,Low,Low,Low,Low,No,No,None,None,No,No,No,Yes,cross_border;geo_country_change,Alta,Yes,R17,Geo-salto físico improvável
C100543,T74N0OXXIB6Z1,T3VFYIQEUMRG0,2025-09-25 15:57:10,2025-09-25 22:07:01,6.164,13654.5,2215.1,Card,PIX,3256.14,4985.04,AE,BR,BR,BR,Low,Low,Low,Low,No,No,None,None,Yes,No,Yes,No,device_rooted;cross_border;geo_country_change,Alta,Yes,R17,Geo-salto físico improvável
C101664,TRRIZ9A2GVWMH,T1DJA99TZHYYD,2025-09-02 13:49:36,2025-09-02 14:52:43,1.052,13630.0,12956.9,PIX,Card,5067.74,8434.99,BR,AE,BR,BR,Low,Low,Low,Low,No,No,Tor,None,No,No,No,Yes,proxy_vpn_tor;cross_border;geo_country_change,Alta,Yes,R17,Geo-salto físico improvável
C102049,T0N1HH39OUPC0,THOBMELGMHQ7K,2025-08-15 23:22:40,2025-08-16 11:01:30,11.647,13594.3,1167.2,PIX,PIX,4173.47,2053.96,BR,IR,BR,BR,Low,High,Low,Low,No,No,Tor,None,No,No,No,Yes,geo_country_high_risk;proxy_vpn_tor;cross_border;geo_country_change,Alta,Yes,R17,Geo-salto físico improvável
C100448,TJAFJUHZCNYRQ,T8ZOTH7B8E6GY,2025-07-05 00:31:46,2025-07-05 10:55:36,10.397,13535.0,1301.8,PIX,Card,3656.56,561.0,BR,CN,BR,BR,Low,Low,Low,Low,No,No,VPN,None,No,No,No,Yes,proxy_vpn_tor;cross_border;geo_country_change,Alta,Yes,R17,Geo-salto físico improvável
C102155,TOUDB4EDHDPUG,TV71H4G0QSNIO,2025-07-31 19:03:36,2025-07-31 22:48:23,3.746,13534.0,3612.5,Card,PIX,4845.03,5469.95,US,AE,BR,KP,Low,Low,Low,High,No,Yes,None,None,No,No,Yes,Yes,ip_country_high_risk;ip_anomaly;cross_border;geo_country_change,Alta,Yes,R17,Geo-salto físico improvável
C102110,T102WUAT5MSKM,TINHGFZZ2LT4G,2025-09-12 19:26:02,2025-09-12 20:35:23,1.156,13530.5,11706.3,Card,Card,1471.97,2943.02,BR,RU,BR,BR,Low,Monitored,Low,Low,No,No,None,None,No,No,No,Yes,cross_border;geo_country_change,Alta,Yes,R17,Geo-salto físico improvável
C102327,TW7ZV311IY9P9,TZO2KMNBMZW2Q,2025-10-02 12:45:39,2025-10-02 13:10:58,0.422,13284.2,31483.4,Card,PIX,5861.44,9402.67,BR,YE,BR,BR,Low,Monitored,Low,Low,No,No,None,None,No,No,No,Yes,cross_border;geo_country_change,Alta,Yes,R17,Geo-salto físico improvável
C102491,T14UWY1NNF57L,TZ4J0SBEF36Y9,2025-08-05 17:20:12,2025-08-05 19:12:07,1.865,13237.5,7096.8,PIX,PIX,2133.77,1867.63,AE,BR,BR,BR,Low,Low,Low,Low,No,No,None,None,No,No,Yes,No,cross_border;geo_country_change,Alta,Yes,R17,Geo-salto físico improvável
C102166,TFL45KUGAI6QN,T8MNEISJ224PD,2025-07-30 21:01:41,2025-07-30 21:06:34,0.081,13204.0,162233.0,PIX,Card,3526.89,3897.44,RU,BR,BR,BR,Monitored,Low,Low,Low,No,No,None,None,No,No,Yes,No,cross_border;geo_country_change,Alta,Yes,R17,Geo-salto físico improvável
C101564,TFX1PYC07ZUAS,T2YPYMUOE1CMK,2025-07-27 15:13:18,2025-07-27 23:38:25,8.419,13092.9,1555.2,Card,PIX,3808.56,1991.56,AE,BR,BR,BR,Low,Low,Low,Low,No,No,None,VPN,No,No,Yes,No,proxy_vpn_tor;cross_border;geo_country_change,Alta,Yes,R17,Geo-salto físico improvável
C102221,TRINEEO81OOUU,TI1DQVH0Z76L7,2025-07-06 06:55:16,2025-07-06 07:08:48,0.226,13074.2,57964.3,PIX,PIX,5266.78,32528.04,SY,BR,BR,BR,High,Low,Low,Low,No,No,None,None,No,No,Yes,No,geo_country_high_risk;cross_border;geo_country_change,Alta,Yes,R17,Geo-salto físico improvável
C101313,TWOBK9JRHOHUW,TETSHJ81OV95T,2025-08-11 16:21:54,2025-08-11 18:10:33,1.811,13071.2,7218.4,Card,PIX,1146.26,6857.39,BR,AE,BR,BR,Low,Low,Low,Low,No,No,None,None,No,No,No,Yes,cross_border;geo_country_change,Alta,Yes,R17,Geo-salto físico improvável
C100718,TQY1NITFSBTMH,T44KIBHW7VJY9,2025-09-24 02:28:49,2025-09-24 03:01:37,0.547,12979.4,23742.9,PIX,PIX,1734.34,1767.52,BR,AE,BR,BR,Low,Low,Low,Low,No,No,None,None,No,No,No,Yes,cross_border;geo_country_change,Alta,Yes,R17,Geo-salto físico improvável
C101939,TV4LDJZ3NBBDT,TOV2X1J5J9EZW,2025-07-23 05:26:05,2025-07-23 07:20:27,1.906,12934.2,6785.7,PIX,PIX,8627.81,4659.31,BR,RU,BR,BR,Low,Monitored,Low,Low,No,No,None,None,No,No,No,Yes,cross_border;geo_country_change,Alta,Yes,R17,Geo-salto físico improvável
C100771,T6TMCTTGU1NOT,TM8UQ197KQR62,2025-08-06 11:21:06,2025-08-06 11:26:28,0.089,12916.8,144411.0,PIX,PIX,2078.78,1018.1,BR,AE,BR,BR,Low,Low,Low,Low,No,No,VPN,VPN,No,No,No,Yes,proxy_vpn_tor;cross_border;geo_country_change,Alta,Yes,R17,Geo-salto físico improvável
C101297,T0A3OAOUWUP5Q,TWT5EBBOYA7FA,2025-09-08 12:07:34,2025-09-08 13:09:29,1.032,12913.4,12513.6,PIX,PIX,4903.08,2748.85,BR,RU,BR,BR,Low,Monitored,Low,Low,No,No,None,None,No,No,No,Yes,cross_border;geo_country_change,Alta,Yes,R17,Geo-salto físico improvável
C101315,T1PUSSH0CTBRF,THU5XMQ4KM964,2025-09-01 02:51:45,2025-09-01 05:00:24,2.144,12888.1,6010.8,PIX,PIX,2812.58,1113.39,BR,AE,BR,BR,Low,Low,Low,Low,No,No,None,None,No,No,No,Yes,cross_border;geo_country_change,Alta,Yes,R17,Geo-salto físico improvável
C101126,TTQIGIFXP9BAH,TZ6NVFPVOJ1WV,2025-07-31 21:23:22,2025-08-01 08:31:03,11.128,12882.5,1157.7,Card,PIX,1667.24,872.04,BR,IR,BR,BR,Low,High,Low,Low,No,No,None,None,No,No,No,Yes,geo_country_high_risk;cross_border;geo_country_change,Alta,Yes,R17,Geo-salto físico improvável
C101496,TWIPJH0A1XP74,TSZ89EOK2S3UO,2025-09-04 20:06:42,2025-09-04 23:04:50,2.969,12868.7,4334.5,Card,PIX,710.37,10100.02,BR,AE,BR,BR,Low,Low,Low,Low,No,No,None,None,No,No,No,Yes,cross_border;geo_country_change,Alta,Yes,R17,Geo-salto físico improvável
C100804,T8QQPLLEDAFSG,TAKNFP90GEISV,2025-08-10 20:00:26,2025-08-10 21:16:34,1.269,12844.2,10122.4,PIX,Card,745.7,8365.06,BR,RU,BR,BR,Low,Monitored,Low,Low,No,No,None,None,No,No,No,Yes,cross_border;geo_country_change,Alta,Yes,R17,Geo-salto físico improvável
C102069,TPOR5YB2T2LUO,T2KR9VCGJOQ4C,2025-07-20 04:01:51,2025-07-20 04:14:10,0.205,12840.9,62553.7,PIX,PIX,1427.2,1989.31,YE,BR,BR,BR,Monitored,Low,Low,Low,No,No,None,None,No,No,Yes,No,cross_border;geo_country_change,Alta,Yes,R17,Geo-salto físico improvável
C102215,TIPG51SL4XYI6,T7634TF8Z0B4T,2025-08-20 12:25:26,2025-08-20 12:34:13,0.146,12838.7,87702.8,Card,Card,599.34,2770.98,BR,YE,BR,BR,Low,Monitored,Low,Low,No,No,None,None,No,No,No,Yes,cross_border;geo_country_change,Alta,Yes,R17,Geo-salto físico improvável
C100262,T4KEXXVYJNZ33,T9QDGNBMVI29N,2025-07-07 00:55:20,2025-07-07 11:38:59,10.727,12720.0,1185.7,PIX,PIX,2130.63,2779.68,BY,BR,BR,BR,Monitored,Low,Low,Low,No,No,None,Proxy,Yes,No,Yes,No,proxy_vpn_tor;device_rooted;cross_border;geo_country_change,Alta,Yes,R17,Geo-salto físico improvável
C101752,TIBVUISPUFF1W,TTCTI6XFV0LZ1,2025-09-11 08:16:49,2025-09-11 16:17:54,8.018,12685.9,1582.2,PIX,Card,2297.93,5357.18,SY,BR,BR,BR,High,Low,Low,Low,No,No,None,None,No,No,Yes,No,geo_country_high_risk;cross_border;geo_country_change,Alta,Yes,R17,Geo-salto físico improvável
C100742,TXP7LQ3FKHBEH,T0FWESQ0IXWXG,2025-07-01 20:02:01,2025-07-01 22:30:45,2.479,12673.1,5112.4,Card,Card,2018.25,2629.57,AE,BR,BR,BR,Low,Low,Low,Low,No,No,None,None,No,No,Yes,No,cross_border;geo_country_change,Alta,Yes,R17,Geo-salto físico improvável
C102064,TMH0O5T1V6FOE,TSRKJXKYX92Y6,2025-07-15 05:53:03,2025-07-15 07:08:48,1.262,12648.1,10018.3,Card,PIX,1485.68,3988.12,BR,RU,BR,BR,Low,Monitored,Low,Low,No,No,None,None,No,No,No,Yes,cross_border;geo_country_change,Alta,Yes,R17,Geo-salto físico improvável
C100233,T9FZLETU3RCTY,TKYWP2AUB71ZP,2025-07-11 20:47:42,2025-07-11 22:08:07,1.34,12647.9,9436.8,Card,PIX,3447.18,19534.63,BR,AE,BR,BR,Low,Low,Low,Low,No,No,None,None,No,No,No,Yes,cross_border;geo_country_change,Alta,Yes,R17,Geo-salto físico improvável
C100185,T0863BFJ5B757,T5DU7DTW12MQG,2025-08-14 02:10:20,2025-08-14 03:12:29,1.036,12605.3,12169.2,Card,PIX,714.63,1883.13,BR,RU,BR,BR,Low,Monitored,Low,Low,No,No,VPN,None,No,No,No,Yes,proxy_vpn_tor;cross_border;geo_country_change,Alta,Yes,R17,Geo-salto físico improvável
C100406,TEEW7ZSHG225Q,T6BLGWVM64OZG,2025-07-22 15:16:41,2025-07-22 16:43:40,1.45,12570.5,8671.0,Card,Card,19379.85,1208.16,BR,BY,BR,BR,Low,Monitored,Low,Low,No,No,None,None,No,No,No,Yes,cross_border;geo_country_change,Alta,Yes,R17,Geo-salto físico improvável
C100303,T1H4X4D2CSF8U,T6MR23LH10YRZ,2025-08-11 12:36:13,2025-08-11 13:56:41,1.341,12569.0,9372.0,PIX,Wire,2174.41,1180.21,BR,RU,BR,BR,Low,Monitored,Low,Low,No,No,None,None,No,No,No,Yes,cross_border;geo_country_change,Alta,Yes,R17,Geo-salto físico improvável
C100183,T8M3DNRF242B5,TIX0RZGYP5XTY,2025-09-23 13:55:41,2025-09-23 14:44:27,0.813,12565.8,15460.3,PIX,PIX,3849.71,8145.4,US,MM,BR,BR,Low,High,Low,Low,No,No,None,None,No,No,Yes,Yes,geo_country_high_risk;cross_border;geo_country_change,Alta,Yes,R17,Geo-salto físico improvável
C101485,TCXB1R1JO8EZ0,TS8LLAOCNH5DR,2025-08-05 22:02:41,2025-08-06 08:17:25,10.246,12513.5,1221.4,Wire,PIX,175.44,642.81,AR,FR,BR,BR,Low,Low,Low,Low,No,No,None,None,Yes,No,Yes,Yes,device_rooted;cross_border;geo_country_change,Alta,Yes,R17,Geo-salto físico improvável
C102352,TL0CX81A2W6WV,TJYGLV7279786,2025-08-18 00:12:00,2025-08-18 05:33:17,5.355,12489.5,2332.4,PIX,PIX,2511.04,2902.18,AE,BR,BR,BR,Low,Low,Low,Low,No,No,None,None,No,Yes,Yes,No,device_rooted;cross_border;geo_country_change,Alta,Yes,R17,Geo-salto físico improvável
C102104,TFWGTMEMV01M5,TVBC98ZEX92NS,2025-09-06 00:29:54,2025-09-06 01:55:37,1.429,12473.6,8731.3,PIX,PIX,892.05,1737.23,BR,AE,BR,BR,Low,Low,Low,Low,No,No,None,None,No,No,No,Yes,cross_border;geo_country_change,Alta,Yes,R17,Geo-salto físico improvável
C101056,TQ3TM9W2XOU93,TOTBE6GH5QE6T,2025-07-29 07:44:50,2025-07-29 11:47:14,4.04,12463.0,3084.9,PIX,PIX,2847.03,1113.19,US,KP,BR,BR,Low,High,Low,Low,No,No,None,None,No,No,Yes,Yes,geo_country_high_risk;cross_border;geo_country_change,Alta,Yes,R17,Geo-salto físico improvável
C102218,TGGU6P9VOQ50T,TVKWH9TJ3HX0G,2025-08-02 12:13:03,2025-08-02 14:28:31,2.258,12375.5,5481.3,PIX,PIX,2070.66,1167.36,RU,BR,BR,BR,Monitored,Low,Low,Low,No,No,None,None,No,No,Yes,No,cross_border;geo_country_change,Alta,Yes,R17,Geo-salto físico improvável
C100842,TBNZNE0YGJV7L,TBTOD8A7T8E7W,2025-07-03 04:44:34,2025-07-03 12:52:44,8.136,12365.0,1519.8,Card,Wire,3447.72,773.94,BR,IR,BR,BR,Low,High,Low,Low,No,No,None,None,No,No,No,Yes,geo_country_high_risk;cross_border;geo_country_change,Alta,Yes,R17,Geo-salto físico improvável
C102435,TGCZJZAJEN2KU,TGETE34NE0LPD,2025-08-13 00:36:43,2025-08-13 01:19:37,0.715,12268.2,17158.3,PIX,Wire,4680.28,4555.05,BR,AE,BR,BR,Low,Low,Low,Low,No,No,Proxy,None,No,No,No,Yes,proxy_vpn_tor;cross_border;geo_country_change,Alta,Yes,R17,Geo-salto físico improvável
C100090,T0IS0BRVM3U85,TLWQFLORPUFAM,2025-09-13 20:23:35,2025-09-14 04:21:27,7.964,12255.4,1538.8,PIX,Card,3958.42,1870.56,BR,RU,BR,BR,Low,Monitored,Low,Low,No,No,None,VPN,No,No,No,Yes,proxy_vpn_tor;cross_border;geo_country_change,Alta,Yes,R17,Geo-salto físico improvável
C101374,TP733F9UHZCM8,TMKIALDSOOZH0,2025-10-03 23:56:54,2025-10-04 08:30:14,8.556,12223.0,1428.7,PIX,Card,6306.95,4866.96,CN,US,BR,BR,Low,Low,Low,Low,No,No,VPN,VPN,No,No,Yes,Yes,proxy_vpn_tor;cross_border;geo_country_change,Alta,Yes,R17,Geo-salto físico improvável
C101455,T5RX1RELVJ72Q,TU85R2PQ3OUUH,2025-09-11 23:20:20,2025-09-12 08:22:07,9.03,12166.9,1347.4,Card,Card,3836.2,1081.82,DE,BR,BR,BR,Low,Low,Low,Low,No,No,Proxy,None,No,No,Yes,No,proxy_vpn_tor;cross_border;geo_country_change,Alta,Yes,R17,Geo-salto físico improvável
C100437,T5WC09M4CFBYQ,TRJGGLBHCTK2N,2025-09-07 20:42:03,2025-09-07 23:00:58,2.315,12146.6,5246.3,Card,PIX,980.18,3413.5,RU,BR,BR,BR,Monitored,Low,Low,Low,No,No,None,None,Yes,No,Yes,No,device_rooted;cross_border;geo_country_change,Alta,Yes,R17,Geo-salto físico improvável
C100067,T20CAGLRPQ4MF,TPOXXL9L0YW0P,2025-07-11 20:48:09,2025-07-12 04:19:34,7.524,12115.5,1610.3,Card,PIX,1494.82,8743.87,US,MM,BR,BR,Low,High,Low,Low,No,No,None,None,No,No,Yes,Yes,geo_country_high_risk;cross_border;geo_country_change,Alta,Yes,R17,Geo-salto físico improvável
C100530,TNAVARTO6KCS8,TBCJNAL7ZF2UC,2025-08-06 13:30:32,2025-08-06 16:01:04,2.509,12107.7,4825.9,Card,PIX,1340.52,13831.62,BR,YE,BR,BR,Low,Monitored,Low,Low,No,No,None,None,No,No,No,Yes,cross_border;geo_country_change,Alta,Yes,R17,Geo-salto físico improvável
C101514,TM217N9TS3TOS,T8OBVU4KT8X84,2025-09-10 03:45:07,2025-09-10 10:07:55,6.38,12063.8,1890.9,PIX,Card,1792.01,4817.85,AE,BR,BR,KP,Low,Low,Low,High,No,Yes,None,None,No,No,Yes,No,ip_country_high_risk;ip_anomaly;cross_border;geo_country_change,Alta,Yes,R17,Geo-salto físico improvável
C100314,TZHC70KK7EEXA,TFTHXZO0JMM43,2025-07-26 15:29:18,2025-07-26 18:47:27,3.303,12042.0,3646.3,PIX,Card,3109.62,9011.88,BR,AE,BR,BR,Low,Low,Low,Low,No,No,None,None,Yes,No,No,Yes,device_rooted;cross_border;geo_country_change,Alta,Yes,R17,Geo-salto físico improvável
C101284,TD0OPAFYGG22A,TZT69JYIHZ5UV,2025-07-22 10:04:49,2025-07-22 18:40:53,8.601,12003.7,1395.6,Card,Card,884.26,595.32,BR,YE,BR,SY,Low,Monitored,Low,High,No,Yes,None,None,No,No,No,Yes,ip_country_high_risk;ip_anomaly;cross_border;geo_country_change,Alta,Yes,R17,Geo-salto físico improvável
C101822,TUVBFK5VGJF62,TMXI3SVVEE99B,2025-09-24 06:00:48,2025-09-24 07:29:10,1.473,11953.2,8116.1,PIX,PIX,10262.8,2544.48,BY,BR,BR,BR,Monitored,Low,Low,Low,No,No,VPN,None,No,No,Yes,No,proxy_vpn_tor;cross_border;geo_country_change,Alta,Yes,R17,Geo-salto físico improvável
C101277,TDGPXV5H2B7VJ,THVTISJY78T9X,2025-07-28 11:32:04,2025-07-28 23:08:32,11.608,11929.7,1027.7,PIX,PIX,21683.44,5299.84,BR,AF,BR,BR,Low,High,Low,Low,No,No,None,None,No,No,No,Yes,geo_country_high_risk;cross_border;geo_country_change,Alta,Yes,R17,Geo-salto físico improvável
C100317,TLJDND3O0P3DC,TX14YQ8F2YLKK,2025-09-26 12:14:50,2025-09-26 21:02:07,8.788,11901.8,1354.3,Card,PIX,1221.25,810.84,YE,BR,BR,BR,Monitored,Low,Low,Low,No,No,None,VPN,No,Yes,Yes,No,proxy_vpn_tor;device_rooted;cross_border;geo_country_change,Alta,Yes,R17,Geo-salto físico improvável
C100338,THXCO6R2H8FVZ,TKWCXBI33BFBO,2025-09-13 13:57:36,2025-09-13 14:39:44,0.702,11894.8,16938.8,PIX,PIX,2257.94,9130.93,BR,AE,BR,BR,Low,Low,Low,Low,No,No,None,None,No,No,No,Yes,cross_border;geo_country_change,Alta,Yes,R17,Geo-salto físico improvável
C102472,T8LKPQMS6KQNG,TGZ7G89C1WGT0,2025-08-26 17:59:05,2025-08-26 22:31:58,4.548,11844.9,2604.4,PIX,PIX,1504.95,5412.22,AE,BR,BR,BR,Low,Low,Low,Low,No,No,VPN,None,No,No,Yes,No,proxy_vpn_tor;cross_border;geo_country_change,Alta,Yes,R17,Geo-salto físico improvável
C100721,TCRN4VVUDT9H1,TB0VRVAEIU3JC,2025-08-03 21:42:57,2025-08-03 23:15:37,1.544,11839.4,7665.8,PIX,PIX,3922.52,1378.09,AE,BR,BR,BR,Low,Low,Low,Low,No,No,None,None,No,No,Yes,No,cross_border;geo_country_change,Alta,Yes,R17,Geo-salto físico improvável
C100460,T2EP3HXGTVOKM,T5L77X0AV5ATG,2025-09-30 21:07:26,2025-10-01 01:03:28,3.934,11785.7,2996.0,Card,Card,2598.24,7118.66,CN,US,BR,BR,Low,Low,Low,Low,No,No,None,Tor,No,No,Yes,Yes,proxy_vpn_tor;cross_border;geo_country_change,Alta,Yes,R17,Geo-salto físico improvável
C101953,TZCAOGGAP3IMH,T82AMOX8IP2Y7,2025-09-10 07:55:49,2025-09-10 17:34:57,9.652,11726.7,1214.9,PIX,PIX,1131.78,2118.38,AR,ES,BR,BR,Low,Low,Low,Low,No,No,None,VPN,No,No,Yes,Yes,proxy_vpn_tor;cross_border;geo_country_change,Alta,Yes,R17,Geo-salto físico improvável
C102366,TQMDYAMWEZ6IS,TE68OFEAWXOW7,2025-07-09 23:03:30,2025-07-10 01:13:32,2.167,11724.4,5409.9,PIX,PIX,990.97,700.81,BR,DE,BR,BR,Low,Low,Low,Low,No,No,None,None,No,No,No,Yes,cross_border;geo_country_change,Alta,Yes,R17,Geo-salto físico improvável
C101146,TQURIY9N898GR,T5FL8S6CU4NKF,2025-07-16 14:48:47,2025-07-16 16:20:19,1.526,11697.2,7667.5,PIX,Wire,5936.81,1893.7,BR,AE,BR,BR,Low,Low,Low,Low,No,No,None,None,No,No,No,Yes,cross_border;geo_country_change,Alta,Yes,R17,Geo-salto físico improvável
C102136,TO465ULNRD545,TNOPI2E4H4Y4W,2025-09-26 22:39:57,2025-09-27 00:37:13,1.954,11672.1,5972.1,Card,Card,6412.92,446.47,BR,AE,BR,BR,Low,Low,Low,Low,No,No,None,None,No,No,No,Yes,cross_border;geo_country_change,Alta,Yes,R17,Geo-salto físico improvável
C100211,TFW7AW99O3L81,T3V2J8CTG5YW1,2025-09-11 15:01:18,2025-09-11 15:55:35,0.905,11650.8,12877.8,PIX,PIX,2055.48,756.64,BR,AE,BR,BR,Low,Low,Low,Low,No,No,None,None,No,No,No,Yes,cross_border;geo_country_change,Alta,Yes,R17,Geo-salto físico improvável
C100289,TJ033P8QM0SND,TVZCDZ3E7BBZV,2025-07-07 05:29:34,2025-07-07 06:14:38,0.751,11640.3,15497.5,Card,PIX,5347.62,1791.98,AE,BR,BR,BR,Low,Low,Low,Low,No,No,None,None,No,No,Yes,No,cross_border;geo_country_change,Alta,Yes,R17,Geo-salto físico improvável
C100711,T0RYSKGB3LRMY,TZEENXU2KL56A,2025-08-05 08:08:16,2025-08-05 11:26:12,3.299,11626.2,3524.3,Wire,PIX,3459.54,3404.97,US,IR,BR,BR,Low,High,Low,Low,No,No,None,None,Yes,No,Yes,Yes,geo_country_high_risk;device_rooted;cross_border;geo_country_change,Alta,Yes,R17,Geo-salto físico improvável
C101208,TF9EJQVFQTQJM,THDD6Q9WQT288,2025-09-23 23:17:39,2025-09-24 00:55:12,1.626,11614.9,7143.9,PIX,Card,7718.63,1812.58,RU,BR,BR,BR,Monitored,Low,Low,Low,No,No,None,None,No,No,Yes,No,cross_border;geo_country_change,Alta,Yes,R17,Geo-salto físico improvável
C100173,TK563Z172P7NZ,TWZA7REC77X1L,2025-07-09 03:30:24,2025-07-09 06:05:56,2.592,11613.4,4480.1,Card,PIX,1793.55,24157.6,BR,DE,BR,BR,Low,Low,Low,Low,No,No,None,None,No,No,No,Yes,cross_border;geo_country_change,Alta,Yes,R17,Geo-salto físico improvável
C102173,T24YUKZO2MM4H,T3EW0IS0YFF91,2025-09-27 09:16:00,2025-09-27 09:41:10,0.419,11605.9,27669.8,PIX,Card,2475.43,9395.06,BR,YE,BR,BR,Low,Monitored,Low,Low,No,No,None,None,No,No,No,Yes,cross_border;geo_country_change,Alta,Yes,R17,Geo-salto físico improvável
C102423,TMLCTY44PTRNA,T6K2IE6H6O9E5,2025-07-17 14:12:50,2025-07-17 21:59:09,7.772,11571.7,1488.9,Card,Card,595.19,145.8,BR,US,BR,BR,Low,Low,Low,Low,No,No,None,Tor,No,No,No,Yes,proxy_vpn_tor;cross_border;geo_country_change,Alta,Yes,R17,Geo-salto físico improvável
C102362,TIBYD37FE9UH1,TJK0O25P5OANK,2025-09-16 21:18:14,2025-09-16 23:54:49,2.61,11552.3,4426.6,Card,PIX,4568.59,1791.34,BY,BR,BR,BR,Monitored,Low,Low,Low,No,No,None,None,No,No,Yes,No,cross_border;geo_country_change,Alta,Yes,R17,Geo-salto físico improvável
C102215,T7634TF8Z0B4T,TPI6853WEPF6F,2025-08-20 12:34:13,2025-08-20 12:46:21,0.202,11529.7,57014.9,Card,Card,2770.98,14843.56,YE,BR,BR,BR,Monitored,Low,Low,Low,No,No,None,None,No,No,Yes,No,cross_border;geo_country_change,Alta,Yes,R17,Geo-salto físico improvável
C101109,TFHCCWRG4QMYM,THMOQBWEV555T,2025-08-11 03:32:11,2025-08-11 13:08:22,9.603,11515.4,1199.1,Card,PIX,542.28,10660.28,BR,GB,BR,BR,Low,Low,Low,Low,No,No,None,None,No,Yes,No,Yes,device_rooted;cross_border;geo_country_change,Alta,Yes,R17,Geo-salto físico improvável
C101614,TDLAOOXCQBRCM,TQYV0CRB6EU5Z,2025-07-26 00:12:59,2025-07-26 00:24:17,0.188,11488.8,61002.3,PIX,Card,3798.24,280.33,RU,US,BR,BR,Monitored,Low,Low,Low,No,No,Proxy,None,No,No,Yes,Yes,proxy_vpn_tor;cross_border;geo_country_change,Alta,Yes,R17,Geo-salto físico improvável
C100158,T0U7UL4FVTMYO,TE8ZAWMJ1GPSB,2025-07-28 09:02:10,2025-07-28 09:39:53,0.629,11461.4,18232.9,PIX,PIX,936.84,6586.97,BR,AE,BR,BR,Low,Low,Low,Low,No,No,None,Proxy,Yes,No,No,Yes,proxy_vpn_tor;device_rooted;cross_border;geo_country_change,Alta,Yes,R17,Geo-salto físico improvável
C100488,TYPVS74C6RN2N,TVEVMZJNRCCUQ,2025-08-23 11:42:09,2025-08-23 18:25:27,6.722,11445.3,1702.8,PIX,PIX,1234.1,1172.41,BR,SY,BR,BR,Low,High,Low,Low,No,No,None,None,No,No,No,Yes,geo_country_high_risk;cross_border;geo_country_change,Alta,Yes,R17,Geo-salto físico improvável
C101866,T5GX8V5GVFXMD,TMFT919QE174E,2025-07-24 11:35:33,2025-07-24 13:21:38,1.768,11444.8,6473.1,PIX,PIX,12594.75,10190.11,YE,BR,BR,BR,Monitored,Low,Low,Low,No,No,None,None,No,No,Yes,No,cross_border;geo_country_change,Alta,Yes,R17,Geo-salto físico improvável
C100973,TBOAAOTGT9DQZ,T5WX22DSFWEMR,2025-09-20 03:49:17,2025-09-20 06:39:37,2.839,11425.1,4024.5,PIX,PIX,699.58,11549.99,YE,BR,BR,BR,Monitored,Low,Low,Low,No,No,None,None,No,No,Yes,No,cross_border;geo_country_change,Alta,Yes,R17,Geo-salto físico improvável
C100853,TZ1O0NLVZOOF8,T98MAT8ZGXN0E,2025-08-01 18:51:09,2025-08-02 02:32:00,7.681,11406.4,1485.0,Card,Card,6221.82,5443.91,AF,BR,BR,BR,High,Low,Low,Low,No,No,None,None,No,No,Yes,No,geo_country_high_risk;cross_border;geo_country_change,Alta,Yes,R17,Geo-salto físico improvável
C100953,TOVEF8VLFR39I,T8B0SYOY1NIJJ,2025-07-01 21:09:56,2025-07-02 06:02:21,8.874,11398.4,1284.5,PIX,PIX,1149.58,1647.81,BR,IR,BR,BR,Low,High,Low,Low,No,No,None,None,No,No,No,Yes,geo_country_high_risk;cross_border;geo_country_change,Alta,Yes,R17,Geo-salto físico improvável
C100794,T0QWZEE3UGRUW,TKZC3G9DISGXK,2025-08-20 14:38:18,2025-08-20 20:25:37,5.789,11304.4,1952.9,Card,PIX,1413.13,3014.11,AE,BR,BR,BR,Low,Low,Low,Low,No,No,None,None,No,Yes,Yes,No,device_rooted;cross_border;geo_country_change,Alta,Yes,R17,Geo-salto físico improvável
C100608,TP3NX0RKOZ2JN,TYAB2K271ALJO,2025-09-22 01:23:21,2025-09-22 03:35:58,2.21,11254.7,5092.0,Card,Card,4985.65,1948.66,US,BR,BR,BR,Low,Low,Low,Low,No,No,None,None,No,No,Yes,No,cross_border;geo_country_change,Alta,Yes,R17,Geo-salto físico improvável
C101262,TMN33NT629QOU,TSOR0YHSBZDSS,2025-07-28 07:34:11,2025-07-28 11:11:57,3.629,11249.4,3099.5,PIX,PIX,5872.19,1355.04,BR,IR,RU,BR,Low,High,Monitored,Low,No,No,None,None,No,No,No,Yes,geo_country_high_risk;cross_border;geo_country_change,Alta,Yes,R17,Geo-salto físico improvável
C102023,TBJO9F1DZRPFP,TMIG0WZHJ8IV7,2025-09-07 06:21:19,2025-09-07 07:13:45,0.874,11237.2,12858.8,PIX,PIX,2943.11,7282.43,AE,US,BR,BR,Low,Low,Low,Low,No,No,None,None,No,No,Yes,Yes,cross_border;geo_country_change,Alta,Yes,R17,Geo-salto físico improvável
C101191,T0S2BNJ679C1P,T2OZJPP5O0NK7,2025-09-13 10:26:03,2025-09-13 14:41:00,4.249,11219.7,2640.4,PIX,PIX,1018.49,6792.88,BR,BY,BR,BR,Low,Monitored,Low,Low,No,No,VPN,None,No,No,No,Yes,proxy_vpn_tor;cross_border;geo_country_change,Alta,Yes,R17,Geo-salto físico improvável
C100080,TIZT1S658E427,T13F2V5H0YME0,2025-07-01 16:40:52,2025-07-01 17:13:18,0.541,11217.8,20752.4,PIX,PIX,16835.8,1060.64,DE,BR,BR,BR,Low,Low,Low,Low,No,No,None,None,No,No,Yes,No,cross_border;geo_country_change,Alta,Yes,R17,Geo-salto físico improvável
C100076,T9J0235B4G1CF,TUPFSAFEM643I,2025-07-10 23:23:37,2025-07-11 02:47:11,3.393,11199.7,3301.0,PIX,PIX,4110.15,2576.88,DE,BR,BR,BR,Low,Low,Low,Low,No,No,VPN,None,No,Yes,Yes,No,proxy_vpn_tor;device_rooted;cross_border;geo_country_change,Alta,Yes,R17,Geo-salto físico improvável
C102301,TYI317ACULAIT,TOGJCA32L6RY7,2025-07-02 01:34:25,2025-07-02 10:42:44,9.139,11196.5,1225.2,Card,PIX,6411.61,5681.12,BR,YE,BR,BR,Low,Monitored,Low,Low,No,No,VPN,None,No,No,No,Yes,proxy_vpn_tor;cross_border;geo_country_change,Alta,Yes,R17,Geo-salto físico improvável
C100991,TWDCTI4L9JH54,T1QD9N059HN56,2025-09-02 01:55:25,2025-09-02 02:53:39,0.971,11188.0,11527.4,Card,Card,9765.33,2977.74,BR,GB,BR,BR,Low,Low,Low,Low,No,No,None,None,No,No,No,Yes,cross_border;geo_country_change,Alta,Yes,R17,Geo-salto físico improvável
C102162,TU2THZZWRYS17,TCQ4029257YMB,2025-09-16 11:49:36,2025-09-16 14:06:04,2.274,11166.0,4909.3,Wire,PIX,4713.78,2557.62,RU,BR,BR,BR,Monitored,Low,Low,Low,No,No,None,None,No,No,Yes,No,cross_border;geo_country_change,Alta,Yes,R17,Geo-salto físico improvável
C101372,T362P2Q3W2U8N,TOUCQXK4J6WFR,2025-08-19 01:37:03,2025-08-19 04:00:31,2.391,11154.1,4664.8,Card,PIX,840.04,2143.61,AE,BR,BR,BR,Low,Low,Low,Low,No,No,None,None,No,No,Yes,No,cross_border;geo_country_change,Alta,Yes,R17,Geo-salto físico improvável
C101701,T8KBO2T7DEZZK,TK43XNDA2A243,2025-07-31 06:47:36,2025-07-31 06:48:47,0.02,11143.3,565011.4,PIX,Wire,1267.11,3507.74,DE,BR,BR,BR,Low,Low,Low,Low,No,No,None,VPN,No,No,Yes,No,proxy_vpn_tor;cross_border;geo_country_change,Alta,Yes,R17,Geo-salto físico improvável
C101756,T6NBK2RBYL2LE,TKDAMHTBW9LNS,2025-09-19 17:48:41,2025-09-19 22:37:11,4.808,11140.3,2316.9,PIX,PIX,1400.75,956.26,AE,BR,BR,BR,Low,Low,Low,Low,No,No,None,Tor,No,Yes,Yes,No,proxy_vpn_tor;device_rooted;cross_border;geo_country_change,Alta,Yes,R17,Geo-salto físico improvável
C100735,TJ63U3E3ZEH9B,TQN42ZCXIPQ8N,2025-07-31 01:24:14,2025-07-31 06:01:50,4.627,11134.8,2406.7,PIX,PIX,3513.39,1009.71,SY,BR,BR,BR,High,Low,Low,Low,No,No,None,VPN,Yes,No,Yes,No,geo_country_high_risk;proxy_vpn_tor;device_rooted;cross_border;geo_country_change,Alta,Yes,R17,Geo-salto físico improvável
C100336,TZUACWAQT0TTA,TOVUDQTK227SI,2025-10-04 05:00:23,2025-10-04 06:31:39,1.521,11133.8,7319.5,PIX,PIX,6493.22,1745.78,BR,DE,BR,BR,Low,Low,Low,Low,No,No,None,None,No,No,No,Yes,cross_border;geo_country_change,Alta,Yes,R17,Geo-salto físico improvável
C100907,TW5OZON6R8G2B,T6Z7SYLFNG0UL,2025-07-06 18:36:36,2025-07-06 21:04:52,2.471,11131.2,4504.5,Card,Card,6200.66,432.78,BR,DE,AF,BR,Low,Low,High,Low,Yes,No,None,None,No,No,No,Yes,ip_country_high_risk;ip_anomaly;cross_border;geo_country_change,Alta,Yes,R17,Geo-salto físico improvável
C100864,TXHNU29F2OOWO,TF09AUQY1T26I,2025-07-31 04:42:36,2025-07-31 15:22:08,10.659,11130.7,1044.3,PIX,Card,705.09,2656.61,AE,BR,BR,BR,Low,Low,Low,Low,No,No,VPN,None,No,No,Yes,No,proxy_vpn_tor;cross_border;geo_country_change,Alta,Yes,R17,Geo-salto físico improvável
C102432,TLX53FSJS0VWG,TG2UGETYWG9I9,2025-08-20 09:48:30,2025-08-20 18:37:49,8.822,11115.3,1260.0,PIX,Card,946.65,5329.6,BR,DE,BR,BR,Low,Low,Low,Low,No,No,VPN,None,No,No,No,Yes,proxy_vpn_tor;cross_border;geo_country_change,Alta,Yes,R17,Geo-salto físico improvável
C100018,T2JBH8YKGR70J,TRGDYLWFE8CAO,2025-09-17 23:00:34,2025-09-18 01:52:34,2.867,11093.9,3870.0,Card,Card,6033.9,2158.25,RU,BR,BR,BR,Monitored,Low,Low,Low,No,No,None,None,No,No,Yes,No,cross_border;geo_country_change,Alta,Yes,R17,Geo-salto físico improvável
C100639,T4R84C30BZE02,TK2RU9OQB2XLR,2025-09-14 15:01:10,2025-09-14 15:46:30,0.756,11088.0,14675.3,PIX,PIX,2049.48,1036.3,BR,GB,BR,BR,Low,Low,Low,Low,No,No,None,None,No,No,No,Yes,cross_border;geo_country_change,Alta,Yes,R17,Geo-salto físico improvável
C101468,TZM1B4YVG7FEY,T306B20MM3GLG,2025-08-29 16:22:54,2025-08-29 18:57:15,2.572,11052.3,4296.3,PIX,PIX,36080.97,1178.76,DE,BR,BR,BR,Low,Low,Low,Low,No,No,None,None,No,No,Yes,No,cross_border;geo_country_change,Alta,Yes,R17,Geo-salto físico improvável
C100526,T25FMR984M050,TY4TOP90FJR3S,2025-08-24 10:09:21,2025-08-24 19:46:18,9.616,11049.3,1149.1,PIX,Card,3393.69,1031.62,BR,BY,BR,BR,Low,Monitored,Low,Low,No,No,VPN,None,No,No,No,Yes,proxy_vpn_tor;cross_border;geo_country_change,Alta,Yes,R17,Geo-salto físico improvável
C101989,TZ2BJ8ENPK98A,TXK16CUUJ8WQX,2025-09-04 18:39:56,2025-09-05 02:13:52,7.566,11043.7,1459.7,Card,PIX,1999.6,4841.88,RU,BR,BR,IQ,Monitored,Low,Low,Monitored,No,No,VPN,VPN,No,No,Yes,No,proxy_vpn_tor;cross_border;geo_country_change,Alta,Yes,R17,Geo-salto físico improvável
C102383,THJLSH79KE4RG,TGG1VKYFH4S0U,2025-09-03 19:48:45,2025-09-03 22:37:06,2.806,11001.4,3920.9,Card,PIX,2594.1,7455.7,BR,DE,BR,BR,Low,Low,Low,Low,No,No,None,None,No,No,No,Yes,cross_border;geo_country_change,Alta,Yes,R17,Geo-salto físico improvável
C100943,TLO1R8PL72B0F,TWNCJR5GS8UKT,2025-08-05 18:08:59,2025-08-05 20:19:29,2.175,10967.4,5042.5,Card,PIX,1309.29,2815.23,BR,DE,BR,BR,Low,Low,Low,Low,No,No,None,None,No,No,No,Yes,cross_border;geo_country_change,Alta,Yes,R17,Geo-salto físico improvável
C100307,TYE6E045PX0B4,TDQOJEZO8XRTS,2025-07-19 15:10:39,2025-07-20 02:07:19,10.944,10955.6,1001.0,Card,PIX,7937.33,3924.68,DE,BR,BR,BR,Low,Low,Low,Low,No,No,None,Tor,No,No,Yes,No,proxy_vpn_tor;cross_border;geo_country_change,Alta,Yes,R17,Geo-salto físico improvável
C101455,TY0CR2IMCG6Y8,TR9W94OBSPGV3,2025-09-04 15:06:22,2025-09-04 20:26:48,5.341,10955.4,2051.4,PIX,Card,13075.98,1641.7,BR,YE,BR,BR,Low,Monitored,Low,Low,No,No,None,None,No,Yes,No,Yes,device_rooted;cross_border;geo_country_change,Alta,Yes,R17,Geo-salto físico improvável
C101686,TL329LRBSB5EX,TPUVNNKME30XZ,2025-07-30 17:13:36,2025-07-31 03:45:02,10.524,10952.5,1040.7,PIX,PIX,6928.83,1621.9,BR,DE,BR,BR,Low,Low,Low,Low,No,No,None,None,No,Yes,No,Yes,device_rooted;cross_border;geo_country_change,Alta,Yes,R17,Geo-salto físico improvável
C101358,TM9MZB0GZSUPF,TMXSBLUNU78SB,2025-08-22 14:07:07,2025-08-22 14:35:42,0.476,10893.2,22866.2,Card,Card,1729.3,2539.03,DE,BR,BR,BR,Low,Low,Low,Low,No,No,None,None,No,No,Yes,No,cross_border;geo_country_change,Alta,Yes,R17,Geo-salto físico improvável
C101684,T9ZTT3EH7BE09,T0Q225L2MCTK6,2025-08-17 16:29:11,2025-08-17 16:46:41,0.292,10868.8,37264.4,PIX,PIX,447.65,1793.75,DE,BR,BR,BR,Low,Low,Low,Low,No,No,None,None,No,No,Yes,No,cross_border;geo_country_change,Alta,Yes,R17,Geo-salto físico improvável
C100251,T8413UDDY7M0O,T0ZWQ6T2HQ54O,2025-09-06 11:29:48,2025-09-06 21:43:27,10.227,10868.5,1062.7,PIX,PIX,1671.03,2760.85,BR,SY,BR,BR,Low,High,Low,Low,No,No,None,VPN,No,No,No,Yes,geo_country_high_risk;proxy_vpn_tor;cross_border;geo_country_change,Alta,Yes,R17,Geo-salto físico improvável
C101847,TDZPT4DYV58D7,TTUY9VQMUWH91,2025-07-21 04:05:13,2025-07-21 06:52:45,2.792,10865.2,3891.2,Wire,Card,2740.9,7278.56,BR,GB,BR,SY,Low,Low,Low,High,No,Yes,None,None,No,No,No,Yes,ip_country_high_risk;ip_anomaly;cross_border;geo_country_change,Alta,Yes,R17,Geo-salto físico improvável
C102481,TP1DAPNMSRNPD,TERGYDQBVJFBZ,2025-09-11 14:18:25,2025-09-11 15:58:08,1.662,10861.9,6535.7,PIX,PIX,890.33,5115.03,YE,BR,BR,BR,Monitored,Low,Low,Low,No,No,None,None,No,No,Yes,No,cross_border;geo_country_change,Alta,Yes,R17,Geo-salto físico improvável
C101176,TPPFOOP02IML2,T50J8AXZ4N4YU,2025-08-04 19:57:56,2025-08-04 23:43:44,3.763,10762.3,2859.8,PIX,PIX,8968.5,4101.58,SY,BR,BR,BR,High,Low,Low,Low,No,No,None,None,Yes,No,Yes,No,geo_country_high_risk;device_rooted;cross_border;geo_country_change,Alta,Yes,R17,Geo-salto físico improvável
C101858,TS5IHE0L09Q40,TF4PVTWN90B47,2025-07-27 20:15:32,2025-07-27 20:18:54,0.056,10737.6,191363.2,PIX,PIX,602.75,1467.26,IR,BR,BR,BR,High,Low,Low,Low,No,No,VPN,None,No,No,Yes,No,geo_country_high_risk;proxy_vpn_tor;cross_border;geo_country_change,Alta,Yes,R17,Geo-salto físico improvável
C101379,TWHYH29VJUBG3,T6LW77Y2S5M41,2025-08-09 20:15:39,2025-08-09 21:14:59,0.989,10729.1,10849.7,Card,PIX,5103.4,736.75,BR,AE,BR,BR,Low,Low,Low,Low,No,No,None,None,No,No,No,Yes,cross_border;geo_country_change,Alta,Yes,R17,Geo-salto físico improvável
C102218,TOX40YPBAWPV0,THHPATOGSJIWD,2025-08-06 22:04:25,2025-08-06 23:45:41,1.688,10709.5,6345.3,PIX,Card,585.09,3247.8,AE,BR,BR,BR,Low,Low,Low,Low,No,No,None,None,No,No,Yes,No,cross_border;geo_country_change,Alta,Yes,R17,Geo-salto físico improvável
C100605,TSRWYRUP1V8J9,T7D6LEV96ZBVT,2025-08-23 06:02:52,2025-08-23 15:13:10,9.172,10663.7,1162.7,Card,Card,2776.71,1203.71,BR,DE,BR,BR,Low,Low,Low,Low,No,No,None,VPN,No,No,No,Yes,proxy_vpn_tor;cross_border;geo_country_change,Alta,Yes,R17,Geo-salto físico improvável
C102391,TM3XTK809WV0T,TIVUTWRJMLAGK,2025-09-26 18:05:35,2025-09-26 18:46:16,0.678,10660.7,15722.4,PIX,Card,1670.81,1530.41,ES,BR,BR,BR,Low,Low,Low,Low,No,No,None,None,No,No,Yes,No,cross_border;geo_country_change,Alta,Yes,R17,Geo-salto físico improvável
C102004,TBDEJKDPN520R,TBY86XQSMY54U,2025-09-18 16:49:27,2025-09-18 19:42:45,2.888,10658.6,3690.2,PIX,PIX,434.4,2002.57,ES,BR,BR,BR,Low,Low,Low,Low,No,No,None,None,No,No,Yes,No,cross_border;geo_country_change,Alta,Yes,R17,Geo-salto físico improvável
C101080,TDJYQ4WUVFP5W,T5QGBCOXNAE27,2025-07-06 15:16:17,2025-07-06 17:43:28,2.453,10654.3,4343.3,Card,PIX,630.41,1369.38,BR,GB,BR,BR,Low,Low,Low,Low,No,No,None,None,No,No,No,Yes,cross_border;geo_country_change,Alta,Yes,R17,Geo-salto físico improvável
C102000,T72LSOSU0FJXY,TTL74DSZOR3TA,2025-07-16 18:06:34,2025-07-17 03:50:02,9.724,10651.9,1095.4,PIX,Card,6068.57,1470.3,BR,BY,BR,BR,Low,Monitored,Low,Low,No,No,VPN,None,No,No,No,Yes,proxy_vpn_tor;cross_border;geo_country_change,Alta,Yes,R17,Geo-salto físico improvável
C100302,TSJBJYSOASU2B,T6B5HQ0GSQAGR,2025-09-01 02:23:34,2025-09-01 05:15:45,2.87,10639.2,3707.4,Card,Card,10893.41,4982.9,CN,US,BR,BR,Low,Low,Low,Low,No,No,None,None,No,No,Yes,Yes,cross_border;geo_country_change,Alta,Yes,R17,Geo-salto físico improvável
C100155,TMY6O5USFGRZB,TRJNKVU944T4T,2025-08-23 05:18:42,2025-08-23 12:27:58,7.154,10635.3,1486.5,Card,PIX,16623.55,3247.87,BR,AE,BR,BR,Low,Low,Low,Low,No,No,None,None,Yes,No,No,Yes,device_rooted;cross_border;geo_country_change,Alta,Yes,R17,Geo-salto físico improvável
C100450,THRX29RZNY5M1,T19B9ZSCORQ3H,2025-07-27 21:30:16,2025-07-28 04:37:15,7.116,10633.3,1494.2,PIX,Card,4911.31,1351.97,DE,BR,BR,BR,Low,Low,Low,Low,No,No,None,Proxy,No,No,Yes,No,proxy_vpn_tor;cross_border;geo_country_change,Alta,Yes,R17,Geo-salto físico improvável
C100548,TQX15EQT8V1W4,T1D1XTE4R16JF,2025-07-28 12:44:43,2025-07-28 14:11:46,1.451,10623.0,7322.0,PIX,PIX,748.57,11794.22,BR,GB,BR,BR,Low,Low,Low,Low,No,No,None,None,No,No,No,Yes,cross_border;geo_country_change,Alta,Yes,R17,Geo-salto físico improvável
C101828,TU8SRZNP5IE21,T7A3ZABN4NJ8N,2025-08-09 19:43:19,2025-08-09 21:07:31,1.403,10615.5,7564.5,Card,PIX,883.87,6008.81,BR,DE,BR,BR,Low,Low,Low,Low,No,No,None,None,No,No,No,Yes,cross_border;geo_country_change,Alta,Yes,R17,Geo-salto físico improvável
C101703,TSCPVOEE2FROJ,T2KGC3L489SA7,2025-09-16 20:12:01,2025-09-16 22:08:14,1.937,10600.8,5473.0,PIX,Wire,149.26,3098.22,DE,BR,BR,BR,Low,Low,Low,Low,No,No,None,None,No,No,Yes,No,cross_border;geo_country_change,Alta,Yes,R17,Geo-salto físico improvável
C101776,TBS06D9CMWINP,TPA7K0B4NS0GQ,2025-09-14 11:35:34,2025-09-14 13:09:10,1.56,10595.9,6792.2,Card,PIX,9659.6,1490.81,GB,BR,BR,BR,Low,Low,Low,Low,No,No,Proxy,VPN,No,No,Yes,No,proxy_vpn_tor;cross_border;geo_country_change,Alta,Yes,R17,Geo-salto físico improvável
C101725,TUNPPYY85MJ4Q,TL5OJE0SUAE1K,2025-07-18 19:50:14,2025-07-18 23:51:28,4.021,10574.1,2630.0,PIX,Card,2637.9,6199.36,BR,US,BR,BR,Low,Low,Low,Low,No,No,None,None,Yes,No,No,Yes,device_rooted;cross_border;geo_country_change,Alta,Yes,R17,Geo-salto físico improvável
C102495,T374E8PHXOOPX,TZIDYC5LBPXZ2,2025-08-19 06:55:09,2025-08-19 11:59:18,5.069,10558.1,2082.8,PIX,PIX,5209.03,20303.72,ES,BR,BR,BR,Low,Low,Low,Low,No,No,VPN,None,No,No,Yes,No,proxy_vpn_tor;cross_border;geo_country_change,Alta,Yes,R17,Geo-salto físico improvável
C101933,TOU1OLKQO3EHT,T0O772VS7P37F,2025-08-02 05:28:53,2025-08-02 07:13:33,1.744,10515.2,6027.8,Card,PIX,3427.37,2427.05,BR,SY,BR,BR,Low,High,Low,Low,No,No,None,None,Yes,No,No,Yes,geo_country_high_risk;device_rooted;cross_border;geo_country_change,Alta,Yes,R17,Geo-salto físico improvável
C101338,TLNB779IIVQSD,T9FLSMLD8PMA2,2025-09-16 21:59:05,2025-09-17 09:12:46,11.228,10504.2,935.5,PIX,PIX,2287.82,2640.34,GB,BR,BR,BR,Low,Low,Low,Low,No,No,VPN,None,No,No,Yes,No,proxy_vpn_tor;cross_border;geo_country_change,Alta,Yes,R17,Geo-salto físico improvável
C100421,T97YX0TTYF1JK,T0RKAPOZG5POP,2025-07-15 20:40:33,2025-07-15 23:02:41,2.369,10489.3,4427.9,PIX,PIX,2318.84,14514.48,BR,SY,BR,BR,Low,High,Low,Low,No,No,None,VPN,No,No,No,Yes,geo_country_high_risk;proxy_vpn_tor;cross_border;geo_country_change,Alta,Yes,R17,Geo-salto físico improvável
C100147,T9BTQJQJP1RMH,T8FE25GNCOWLY,2025-09-07 06:12:23,2025-09-07 06:42:09,0.496,10481.2,21126.6,Card,PIX,1113.1,4600.85,BR,GB,BR,BR,Low,Low,Low,Low,No,No,None,None,No,No,No,Yes,cross_border;geo_country_change,Alta,Yes,R17,Geo-salto físico improvável
C100568,TW5BQYUYH1GWI,T5F3UOB6QLJVT,2025-07-12 06:21:18,2025-07-12 06:23:19,0.034,10471.5,311548.8,Card,Card,523.18,676.5,FR,BR,BR,BR,Low,Low,Low,Low,No,No,None,None,No,No,Yes,No,cross_border;geo_country_change,Alta,Yes,R17,Geo-salto físico improvável
C100239,TJ82HBEPQFDL6,T18D7ZQZM77FF,2025-07-26 18:58:42,2025-07-27 05:00:52,10.036,10460.0,1042.2,PIX,Card,982.73,1501.81,ES,BR,US,BR,Low,Low,Low,Low,No,No,VPN,None,No,No,Yes,No,proxy_vpn_tor;cross_border;geo_country_change,Alta,Yes,R17,Geo-salto físico improvável
C102025,TQMXMMRGZ920U,TXI0RRFEDDNSI,2025-07-27 07:37:43,2025-07-27 09:17:31,1.663,10430.3,6270.7,PIX,PIX,3006.87,2929.76,BR,GB,BR,BR,Low,Low,Low,Low,No,No,None,None,No,No,No,Yes,cross_border;geo_country_change,Alta,Yes,R17,Geo-salto físico improvável
C100251,T0O17BQUWRQ92,TW7AI5JDK3DTC,2025-10-04 00:08:19,2025-10-04 03:04:40,2.939,10402.1,3539.1,PIX,Card,1128.73,1615.44,BR,FR,BR,AF,Low,Low,Low,High,No,Yes,None,None,No,No,No,Yes,ip_country_high_risk;ip_anomaly;cross_border;geo_country_change,Alta,Yes,R17,Geo-salto físico improvável
C100957,TVC262W11SK3G,TJYAMUPNZDI4P,2025-08-14 12:47:50,2025-08-14 15:20:12,2.539,10387.1,4090.3,PIX,PIX,816.03,5010.37,US,KP,BR,BR,Low,High,Low,Low,No,No,None,None,No,No,Yes,Yes,geo_country_high_risk;cross_border;geo_country_change,Alta,Yes,R17,Geo-salto físico improvável
C102389,T0I1V4KIGG97O,TY8USGMJIK192,2025-07-24 20:07:48,2025-07-25 01:11:09,5.056,10384.8,2054.0,Card,Card,6960.5,1921.68,DE,BR,BR,BR,Low,Low,Low,Low,No,No,Tor,None,No,No,Yes,No,proxy_vpn_tor;cross_border;geo_country_change,Alta,Yes,R17,Geo-salto físico improvável
C101225,TMWR5OP92ETTX,T6GXE8M0HX8JI,2025-08-18 14:08:24,2025-08-18 15:17:02,1.144,10382.8,9076.8,PIX,PIX,2250.2,616.15,DE,BR,BR,BR,Low,Low,Low,Low,No,No,None,None,No,No,Yes,No,cross_border;geo_country_change,Alta,Yes,R17,Geo-salto físico improvável
C101358,TMX1A6B8KEUJ7,TVX4LP26DAHGN,2025-07-23 01:57:13,2025-07-23 04:35:35,2.639,10369.2,3928.6,Card,PIX,21661.44,1402.42,BR,DE,BR,BR,Low,Low,Low,Low,No,No,None,None,No,No,No,Yes,cross_border;geo_country_change,Alta,Yes,R17,Geo-salto físico improvável
C102398,TE82R56K2OE68,TRVFT8AI4WGO8,2025-08-11 06:34:50,2025-08-11 17:00:06,10.421,10337.6,992.0,Card,Card,2225.82,9374.5,AE,BR,BR,BR,Low,Low,Low,Low,No,No,None,VPN,Yes,No,Yes,No,proxy_vpn_tor;device_rooted;cross_border;geo_country_change,Alta,Yes,R17,Geo-salto físico improvável
C101806,TW5X9A65LL5KE,TSX563TBWPC9Q,2025-08-24 11:35:20,2025-08-24 12:45:44,1.173,10327.6,8801.9,Wire,PIX,692.5,7566.39,DE,BR,BR,BR,Low,Low,Low,Low,No,No,None,Proxy,No,No,Yes,No,proxy_vpn_tor;cross_border;geo_country_change,Alta,Yes,R17,Geo-salto físico improvável
C101911,T1RTJTMJ9WCBN,TUNZM2X60EA4W,2025-07-30 08:54:24,2025-07-30 20:18:19,11.399,10318.8,905.3,PIX,Card,1289.88,1091.9,DE,BR,BR,BR,Low,Low,Low,Low,No,No,None,Tor,No,No,Yes,No,proxy_vpn_tor;cross_border;geo_country_change,Alta,Yes,R17,Geo-salto físico improvável
C101828,TGVH1AIQP0POX,TDAQ9X1L18D5C,2025-07-19 22:26:07,2025-07-20 00:06:24,1.671,10294.4,6159.2,PIX,Card,439.91,11966.81,DE,BR,BR,BR,Low,Low,Low,Low,No,No,None,None,No,No,Yes,No,cross_border;geo_country_change,Alta,Yes,R17,Geo-salto físico improvável
C100499,T5RSKNKKXB8QI,TUIAUFRGCSJ61,2025-08-08 17:42:42,2025-08-08 20:13:13,2.509,10222.1,4074.8,Card,PIX,1054.13,1512.36,RU,BR,BR,BR,Monitored,Low,Low,Low,No,No,None,None,No,No,Yes,No,cross_border;geo_country_change,Alta,Yes,R17,Geo-salto físico improvável
C101584,TVT585KZN7BRL,T7B5N1X9I41KW,2025-10-02 10:09:01,2025-10-02 10:44:33,0.592,10214.7,17248.1,PIX,Card,25756.01,2439.24,BR,GB,BR,BR,Low,Low,Low,Low,No,No,None,None,No,No,No,Yes,cross_border;geo_country_change,Alta,Yes,R17,Geo-salto físico improvável
C101336,TYEOZ6MPQQ2RP,TDUXJ8IDYQVC3,2025-09-12 01:05:34,2025-09-12 02:04:41,0.985,10206.2,10358.7,PIX,PIX,1064.8,5645.92,BR,FR,BR,BR,Low,Low,Low,Low,No,No,None,None,No,No,No,Yes,cross_border;geo_country_change,Alta,Yes,R17,Geo-salto físico improvável
C102156,TMQP2W757TUUV,TZW5ZJ76XL6U1,2025-09-03 14:48:33,2025-09-03 16:36:43,1.803,10203.9,5660.1,PIX,PIX,7065.8,2456.45,BR,GB,BR,BR,Low,Low,Low,Low,No,No,None,None,No,No,No,Yes,cross_border;geo_country_change,Alta,Yes,R17,Geo-salto físico improvável
C102218,TY9SGW2MXS7LL,TQ2KE0QZXBE2R,2025-08-31 00:46:32,2025-08-31 02:07:49,1.355,10185.2,7518.3,PIX,PIX,3743.03,4579.15,ES,BR,BR,BR,Low,Low,Low,Low,No,No,None,None,No,No,Yes,No,cross_border;geo_country_change,Alta,Yes,R17,Geo-salto físico improvável
C102281,TVD31LEDJJXGJ,TPZNOI67W3YV5,2025-08-05 11:36:52,2025-08-05 19:27:12,7.839,10164.6,1296.7,PIX,Card,3118.0,6939.84,PT,KP,BR,BR,Low,High,Low,Low,No,No,None,None,No,No,Yes,Yes,geo_country_high_risk;cross_border;geo_country_change,Alta,Yes,R17,Geo-salto físico improvável
C100992,TMZ12T9WXBUHF,TYAMVZ0AJWIII,2025-07-03 21:29:41,2025-07-03 21:39:18,0.16,10163.4,63411.4,PIX,Card,1480.03,6195.38,BR,LY,BR,BR,Low,Monitored,Low,Low,No,No,VPN,None,No,No,No,Yes,proxy_vpn_tor;cross_border;geo_country_change,Alta,Yes,R17,Geo-salto físico improvável
C101760,TYTYXPTBA3LGO,THFS42KDXKUGN,2025-07-03 23:56:32,2025-07-04 01:51:41,1.919,10158.2,5293.0,PIX,PIX,1210.87,1671.19,BR,ES,BR,BR,Low,Low,Low,Low,No,No,None,None,No,No,No,Yes,cross_border;geo_country_change,Alta,Yes,R17,Geo-salto físico improvável
C101263,T136UVUH6OXOC,TGEXZSF1UDBY3,2025-08-03 14:26:48,2025-08-03 19:29:58,5.053,10147.0,2008.2,Card,Card,3725.52,4228.49,DE,BR,BR,BR,Low,Low,Low,Low,No,No,VPN,VPN,No,No,Yes,No,proxy_vpn_tor;cross_border;geo_country_change,Alta,Yes,R17,Geo-salto físico improvável
C102015,TAC8SWBZWZB3V,T4R0NGLJUWKQQ,2025-07-01 20:17:25,2025-07-01 22:58:47,2.689,10134.5,3768.2,PIX,PIX,2557.19,13542.08,YE,BR,BR,BR,Monitored,Low,Low,Low,No,No,Proxy,None,No,No,Yes,No,proxy_vpn_tor;cross_border;geo_country_change,Alta,Yes,R17,Geo-salto físico improvável
C100025,TLF7J1JGL72BQ,T2RTHDT07SWG4,2025-08-06 01:46:48,2025-08-06 03:40:31,1.895,10096.0,5326.9,Card,PIX,1979.11,6607.4,US,BR,BR,BR,Low,Low,Low,Low,No,No,VPN,None,No,No,Yes,No,proxy_vpn_tor;cross_border;geo_country_change,Alta,Yes,R17,Geo-salto físico improvável
C101612,TULO7X3B7U8L0,TWHZ4USMKJK1Y,2025-09-29 05:15:04,2025-09-29 07:01:06,1.767,10088.9,5708.9,PIX,PIX,1501.38,3026.46,BR,DE,BR,BR,Low,Low,Low,Low,No,No,None,None,No,No,No,Yes,cross_border;geo_country_change,Alta,Yes,R17,Geo-salto físico improvável
C100828,TGNL3WVWBML1F,TCQ8J6YMRUI1O,2025-09-04 20:55:24,2025-09-05 07:45:33,10.836,10056.7,928.1,PIX,Wire,1826.91,921.51,SY,US,BR,BR,High,Low,Low,Low,No,No,None,None,No,No,Yes,Yes,geo_country_high_risk;cross_border;geo_country_change,Alta,Yes,R17,Geo-salto físico improvável
C101578,TYYXK2FAIOICK,T0WR3P5HQ44ND,2025-08-19 16:03:37,2025-08-19 18:57:55,2.905,10011.8,3446.4,Card,Wire,1920.11,1305.25,BR,DE,BR,BR,Low,Low,Low,Low,No,No,None,None,No,No,No,Yes,cross_border;geo_country_change,Alta,Yes,R17,Geo-salto físico improvável
C100071,TE1RKKO9NDGWU,TCUI8E3ORAQTL,2025-08-01 05:03:50,2025-08-01 05:32:37,0.48,9989.8,20824.2,PIX,PIX,28609.14,6598.29,FR,BR,BR,BR,Low,Low,Low,Low,No,No,None,None,No,No,Yes,No,cross_border;geo_country_change,Alta,Yes,R17,Geo-salto físico improvável
C100771,T4NBFKRWGSMTI,TBI7AZPDE8SQH,2025-09-17 17:43:06,2025-09-17 19:37:24,1.905,9970.1,5233.6,PIX,Card,4088.56,3695.4,DE,US,BR,BR,Low,Low,Low,Low,No,No,None,None,No,No,Yes,Yes,cross_border;geo_country_change,Alta,Yes,R17,Geo-salto físico improvável
C100446,T9J8D27A3U5NR,TPXDR776V6E17,2025-08-05 02:25:41,2025-08-05 10:46:38,8.349,9950.5,1191.8,PIX,PIX,3460.71,9245.69,BR,DE,BR,BR,Low,Low,Low,Low,No,No,None,Proxy,No,No,No,Yes,proxy_vpn_tor;cross_border;geo_country_change,Alta,Yes,R17,Geo-salto físico improvável
C102268,T4GU34X9FVJ57,TMNSIJMX49ID0,2025-07-15 22:37:09,2025-07-16 07:32:06,8.916,9945.4,1115.5,PIX,PIX,3338.45,1829.76,BR,ES,BR,BR,Low,Low,Low,Low,No,No,None,None,No,Yes,No,Yes,device_rooted;cross_border;geo_country_change,Alta,Yes,R17,Geo-salto físico improvável
C100815,T0SML5Y8D6FJ9,TVICZ21KRCSQ7,2025-07-17 22:07:29,2025-07-18 03:41:29,5.567,9935.9,1784.9,Card,PIX,2622.61,1632.22,BR,PT,BR,BR,Low,Low,Low,Low,No,No,None,None,Yes,No,No,Yes,device_rooted;cross_border;geo_country_change,Alta,Yes,R17,Geo-salto físico improvável
C102119,TDL4X8SN6JHI4,TR8WUS4TWZX33,2025-09-04 20:01:29,2025-09-04 21:20:17,1.313,9909.5,7545.3,PIX,PIX,11706.28,6768.23,DE,BR,BR,BR,Low,Low,Low,Low,No,No,None,None,No,No,Yes,No,cross_border;geo_country_change,Alta,Yes,R17,Geo-salto físico improvável
C100860,TCCCGWZXJ6OI1,TX7EYQVN47QL7,2025-08-01 18:53:22,2025-08-01 21:02:40,2.155,9901.9,4594.9,Card,PIX,7042.63,8415.55,BR,YE,BR,BR,Low,Monitored,Low,Low,No,No,None,None,No,No,No,Yes,cross_border;geo_country_change,Alta,Yes,R17,Geo-salto físico improvável
C100137,TN1DUJKM0EL8E,TSW6ZSPC1O67G,2025-09-21 13:57:39,2025-09-21 15:16:06,1.308,9901.2,7572.6,PIX,Card,4880.2,1364.95,BR,FR,BR,BR,Low,Low,Low,Low,No,No,None,None,No,No,No,Yes,cross_border;geo_country_change,Alta,Yes,R17,Geo-salto físico improvável
C101805,T8QHPDW2NFKSB,TG0X31EU5E6YC,2025-08-19 14:33:20,2025-08-19 18:28:38,3.922,9900.3,2524.5,Card,Card,1615.35,3220.72,BR,DE,BR,BR,Low,Low,Low,Low,No,No,Tor,None,No,No,No,Yes,proxy_vpn_tor;cross_border;geo_country_change,Alta,Yes,R17,Geo-salto físico improvável
C101684,TFAU15DU85AN5,TNAI24RQ3JI0Q,2025-07-19 19:56:12,2025-07-19 22:49:23,2.886,9865.4,3417.9,PIX,PIX,1444.07,2155.8,DE,BR,BR,BR,Low,Low,Low,Low,No,No,None,None,No,No,Yes,No,cross_border;geo_country_change,Alta,Yes,R17,Geo-salto físico improvável
C101372,TP5G6CFCHPHF1,TY5FZE9GR8TOI,2025-07-05 11:17:15,2025-07-05 12:24:20,1.118,9865.2,8823.6,Card,Card,4894.93,1950.0,BR,GB,BR,BR,Low,Low,Low,Low,No,No,None,None,No,No,No,Yes,cross_border;geo_country_change,Alta,Yes,R17,Geo-salto físico improvável
C101331,TUHQVR33VBVOO,T9MPJ61K2C0T8,2025-07-05 03:16:18,2025-07-05 04:14:39,0.973,9841.7,10120.0,Card,Card,1792.34,1899.3,BR,GB,BR,BR,Low,Low,Low,Low,No,No,None,None,No,No,No,Yes,cross_border;geo_country_change,Alta,Yes,R17,Geo-salto físico improvável
C102462,TJX5AESSSWDG9,TLBWUYVJ9OUGE,2025-09-23 06:43:44,2025-09-23 15:39:18,8.926,9824.6,1100.7,PIX,Card,2176.14,1167.53,DE,BR,BR,BR,Low,Low,Low,Low,No,No,Tor,None,No,No,Yes,No,proxy_vpn_tor;cross_border;geo_country_change,Alta,Yes,R17,Geo-salto físico improvável
C100822,TRUL7GL8NMW34,T8J4TSUW3FQD9,2025-07-30 07:30:42,2025-07-30 10:09:22,2.644,9820.6,3713.7,PIX,PIX,23484.23,301.65,FR,BR,BR,BR,Low,Low,Low,Low,No,No,None,None,No,No,Yes,No,cross_border;geo_country_change,Alta,Yes,R17,Geo-salto físico improvável
C100203,TOPY44AJCGUXO,T5DSSKACOYIFN,2025-07-28 16:36:08,2025-07-28 16:46:26,0.172,9818.2,57193.4,Card,PIX,8197.3,3586.88,PT,BR,BR,BR,Low,Low,Low,Low,No,No,None,None,No,No,Yes,No,cross_border;geo_country_change,Alta,Yes,R17,Geo-salto físico improvável
C101073,TBCL1WPSMCYYB,TEO5JMP5KJ2E0,2025-08-19 20:53:59,2025-08-19 21:34:38,0.677,9810.3,14480.1,Card,Card,2066.86,1017.59,DE,BR,BR,BR,Low,Low,Low,Low,No,No,None,None,No,No,Yes,No,cross_border;geo_country_change,Alta,Yes,R17,Geo-salto físico improvável
C100781,TA5VD75FG1U9P,TWHG31B6NRUWT,2025-07-27 13:56:15,2025-07-28 00:02:02,10.096,9809.4,971.6,PIX,PIX,8363.01,5297.09,US,DE,BR,BR,Low,Low,Low,Low,No,No,Proxy,None,No,No,Yes,Yes,proxy_vpn_tor;cross_border;geo_country_change,Alta,Yes,R17,Geo-salto físico improvável
C100350,TA0DNBPKZNJXP,T4ZR4P8ABDDY3,2025-08-16 20:07:45,2025-08-17 04:47:53,8.669,9806.5,1131.2,PIX,Card,2011.01,702.48,BR,SY,BR,BR,Low,High,Low,Low,No,No,None,None,No,No,No,Yes,geo_country_high_risk;cross_border;geo_country_change,Alta,Yes,R17,Geo-salto físico improvável
C101425,TC52UNQT7IMEC,TPK25WQL8F5WO,2025-07-11 04:42:24,2025-07-11 05:35:26,0.884,9800.4,11087.8,PIX,PIX,14655.12,7759.5,DE,BR,BR,BR,Low,Low,Low,Low,No,No,None,None,No,No,Yes,No,cross_border;geo_country_change,Alta,Yes,R17,Geo-salto físico improvável
C101573,TSVI5F5AEQYAA,T0OY17PLKVOWO,2025-07-21 19:09:41,2025-07-21 21:44:03,2.573,9798.6,3808.6,Card,Card,630.3,6601.57,GB,BR,BR,BR,Low,Low,Low,Low,No,No,None,None,No,No,Yes,No,cross_border;geo_country_change,Alta,Yes,R17,Geo-salto físico improvável
C100891,TJ55T5ZTMJWH4,TS9319WH0K8QT,2025-07-18 12:49:22,2025-07-18 23:35:21,10.766,9788.5,909.2,Card,PIX,4812.05,6879.75,PT,KP,BR,BR,Low,High,Low,Low,No,No,None,None,No,No,Yes,Yes,geo_country_high_risk;cross_border;geo_country_change,Alta,Yes,R17,Geo-salto físico improvável
C101495,TVRM3HMR0EWW4,TSME0YMQGGNS0,2025-08-25 19:35:22,2025-08-25 19:53:29,0.302,9782.3,32397.5,Card,PIX,4443.4,10237.31,FR,BR,BR,BR,Low,Low,Low,Low,No,No,None,None,No,No,Yes,No,cross_border;geo_country_change,Alta,Yes,R17,Geo-salto físico improvável
C101836,T2E8DFGA1XP98,TTZR0FZXCTAAX,2025-07-06 17:02:35,2025-07-07 03:45:53,10.722,9770.6,911.3,Card,PIX,56477.16,467.59,DE,BR,BR,BR,Low,Low,Low,Low,No,No,None,None,Yes,No,Yes,No,device_rooted;cross_border;geo_country_change,Alta,Yes,R17,Geo-salto físico improvável
C100348,TX69WIJMEU8MK,T7D1Z3RKJT8NJ,2025-07-12 09:08:07,2025-07-12 10:34:11,1.434,9748.8,6796.2,PIX,PIX,2273.67,3539.76,BR,GB,BR,BR,Low,Low,Low,Low,No,No,None,None,No,No,No,Yes,cross_border;geo_country_change,Alta,Yes,R17,Geo-salto físico improvável
C101895,TIWZ4K0MOB8NW,TWDZ4EKMU8ZEL,2025-09-19 07:54:45,2025-09-19 14:01:02,6.105,9727.8,1593.5,PIX,Card,3412.23,2977.02,ES,BR,BR,BR,Low,Low,Low,Low,No,No,None,Tor,No,No,Yes,No,proxy_vpn_tor;cross_border;geo_country_change,Alta,Yes,R17,Geo-salto físico improvável
C100361,T7CAXHBSLRPKC,T1W1T97G7IGEO,2025-07-22 16:52:42,2025-07-22 21:34:51,4.702,9707.3,2064.3,Card,PIX,13021.53,2873.1,US,BR,BR,BR,Low,Low,Low,Low,No,No,None,Tor,No,No,Yes,No,proxy_vpn_tor;cross_border;geo_country_change,Alta,Yes,R17,Geo-salto físico improvável
C100069,TXLI5FH4ECIXA,TJKMGIRRIG8RC,2025-07-15 14:28:40,2025-07-15 16:23:40,1.917,9699.7,5060.7,Wire,PIX,2174.6,1028.11,FR,BR,BR,BR,Low,Low,Low,Low,No,No,None,None,No,No,Yes,No,cross_border;geo_country_change,Alta,Yes,R17,Geo-salto físico improvável
C100117,TTEMMGM6K0K1F,TOAKOBZ8RNGT4,2025-07-19 18:40:00,2025-07-20 01:27:57,6.799,9687.0,1424.7,PIX,PIX,586.68,946.75,PT,AR,BR,AF,Low,Low,Low,High,No,Yes,None,Proxy,No,No,Yes,Yes,ip_country_high_risk;ip_anomaly;proxy_vpn_tor;cross_border;geo_country_change,Alta,Yes,R17,Geo-salto físico improvável
C102385,TLTCER0HF3JY1,T53HQDNCW49O7,2025-09-03 03:48:03,2025-09-03 04:43:35,0.926,9681.3,10460.0,PIX,Card,4358.43,3395.19,BR,DE,BR,IR,Low,Low,Low,High,No,Yes,None,None,No,No,No,Yes,ip_country_high_risk;ip_anomaly;cross_border;geo_country_change,Alta,Yes,R17,Geo-salto físico improvável
C101642,T1NHKH2MA9OOA,T735JHFBR1R3T,2025-08-01 12:37:13,2025-08-01 16:07:45,3.509,9675.5,2757.4,PIX,Card,4960.51,5446.9,BR,ES,BR,BR,Low,Low,Low,Low,No,No,None,VPN,No,No,No,Yes,proxy_vpn_tor;cross_border;geo_country_change,Alta,Yes,R17,Geo-salto físico improvável
C100101,TX7A5XTHUOE74,TESZN3M2LWWC0,2025-07-26 09:40:26,2025-07-26 18:19:25,8.65,9669.1,1117.9,Card,Card,3310.38,9251.35,US,BR,BR,BR,Low,Low,Low,Low,No,No,None,Proxy,No,No,Yes,No,proxy_vpn_tor;cross_border;geo_country_change,Alta,Yes,R17,Geo-salto físico improvável
C100510,TGBMRKJDHZKNB,TVM7D3W3CP7Y2,2025-07-06 09:22:19,2025-07-06 19:06:18,9.733,9658.5,992.3,Card,Card,1986.47,415.99,BR,FR,BR,BR,Low,Low,Low,Low,No,No,VPN,None,No,No,No,Yes,proxy_vpn_tor;cross_border;geo_country_change,Alta,Yes,R17,Geo-salto físico improvável
C100318,T13A5E5CL3730,TU9JRQGMSH1U6,2025-09-05 05:02:03,2025-09-05 07:51:01,2.816,9648.8,3426.3,PIX,PIX,2614.02,20733.49,GB,BR,BR,BR,Low,Low,Low,Low,No,No,None,None,No,No,Yes,No,cross_border;geo_country_change,Alta,Yes,R17,Geo-salto físico improvável
C100228,TD7O5343Q5XRD,TV7FZ5EIG0S4L,2025-09-11 01:35:46,2025-09-11 06:16:10,4.673,9645.2,2063.9,PIX,PIX,10426.63,232.96,BR,DE,BR,BR,Low,Low,Low,Low,No,No,None,Proxy,No,No,No,Yes,proxy_vpn_tor;cross_border;geo_country_change,Alta,Yes,R17,Geo-salto físico improvável
C100228,TNYODBP2HO1WV,TCMNC6WV2S769,2025-09-02 09:24:27,2025-09-02 20:43:25,11.316,9645.2,852.3,PIX,Card,9105.69,4795.8,BR,GB,BR,BR,Low,Low,Low,Low,No,No,None,None,No,Yes,No,Yes,device_rooted;cross_border;geo_country_change,Alta,Yes,R17,Geo-salto físico improvável
C102028,TZNL7ZTOQB1WF,TJEEXIUJ7F8QU,2025-10-02 10:55:59,2025-10-02 11:32:19,0.606,9634.5,15910.2,Card,PIX,3863.46,7652.98,ES,BR,BR,BR,Low,Low,Low,Low,No,No,Tor,None,No,No,Yes,No,proxy_vpn_tor;cross_border;geo_country_change,Alta,Yes,R17,Geo-salto físico improvável
C101807,TYCULVGJ7IISJ,TMRXA45NOE60P,2025-07-18 07:30:20,2025-07-18 16:02:59,8.544,9625.7,1126.6,PIX,Wire,2620.04,278.65,ES,MM,BR,BR,Low,High,Low,Low,No,No,None,None,No,No,Yes,Yes,geo_country_high_risk;cross_border;geo_country_change,Alta,Yes,R17,Geo-salto físico improvável
C101147,TRUU6ASU7HKJL,T3LLD4FYF4LPM,2025-08-22 07:04:46,2025-08-22 09:51:49,2.784,9619.1,3454.9,PIX,PIX,3356.86,2641.04,FR,BR,BR,BR,Low,Low,Low,Low,No,No,None,None,No,No,Yes,No,cross_border;geo_country_change,Alta,Yes,R17,Geo-salto físico improvável
C101773,TSLFN4LNPKH2I,T49ZK92WA8VO9,2025-08-11 16:28:56,2025-08-11 23:00:40,6.529,9615.3,1472.7,PIX,PIX,7269.39,13680.81,US,BR,BR,BR,Low,Low,Low,Low,No,No,Proxy,None,No,No,Yes,No,proxy_vpn_tor;cross_border;geo_country_change,Alta,Yes,R17,Geo-salto físico improvável
C100886,T76AYIEQCVRGB,TQLJ9N7LBO501,2025-09-21 08:53:42,2025-09-21 12:35:47,3.701,9610.4,2596.4,Card,PIX,460.82,3592.27,BR,DE,BR,BR,Low,Low,Low,Low,No,No,VPN,None,No,No,No,Yes,proxy_vpn_tor;cross_border;geo_country_change,Alta,Yes,R17,Geo-salto físico improvável
C101895,TEXL719Z05T6U,TQMUG21C7OLW7,2025-08-05 20:26:05,2025-08-06 02:32:36,6.109,9566.3,1566.0,Card,PIX,6921.79,604.32,DE,BR,KP,BR,Low,Low,High,Low,Yes,No,None,None,No,No,Yes,No,ip_country_high_risk;ip_anomaly;cross_border;geo_country_change,Alta,Yes,R17,Geo-salto físico improvável
C100066,T63N0V1VPLEG7,TSBY9IQCMKHEE,2025-10-01 11:13:34,2025-10-01 13:26:53,2.222,9536.4,4291.9,PIX,PIX,2427.8,4779.33,AR,ES,BR,BR,Low,Low,Low,Low,No,No,None,None,No,No,Yes,Yes,cross_border;geo_country_change,Alta,Yes,R17,Geo-salto físico improvável
C101593,TDD9STV5845PB,TKXW9KSI8ZUX3,2025-09-22 09:18:17,2025-09-22 11:09:16,1.85,9535.7,5155.2,Card,PIX,980.58,758.34,PT,BR,BR,BR,Low,Low,Low,Low,No,No,None,None,No,No,Yes,No,cross_border;geo_country_change,Alta,Yes,R17,Geo-salto físico improvável
C101906,TNXA1F673VUXH,TMVQ3UDYN0LVM,2025-08-31 20:26:49,2025-08-31 22:17:22,1.843,9535.5,5175.3,PIX,Card,149.96,1519.98,DE,BR,BR,BR,Low,Low,Low,Low,No,No,VPN,None,No,No,Yes,No,proxy_vpn_tor;cross_border;geo_country_change,Alta,Yes,R17,Geo-salto físico improvável
C100467,T771RP2UC4SGB,T4V43WXSILJ93,2025-09-22 06:46:41,2025-09-22 09:20:23,2.562,9529.4,3720.0,PIX,PIX,27260.1,10687.4,BR,ES,BR,BR,Low,Low,Low,Low,No,No,None,None,No,No,No,Yes,cross_border;geo_country_change,Alta,Yes,R17,Geo-salto físico improvável
C101716,TBR57UNRHXNXB,T7C88Y4K4KH16,2025-09-01 01:56:27,2025-09-01 02:50:02,0.893,9519.6,10659.6,PIX,PIX,3716.33,17204.53,PT,BR,BR,BR,Low,Low,Low,Low,No,No,None,None,No,No,Yes,No,cross_border;geo_country_change,Alta,Yes,R17,Geo-salto físico improvável
C101676,TF40CDC8XT1CE,TNFCFZW3YN73C,2025-09-18 00:10:31,2025-09-18 03:05:31,2.917,9511.5,3261.1,PIX,Card,933.79,7574.49,FR,BR,BR,BR,Low,Low,Low,Low,No,No,None,None,No,No,Yes,No,cross_border;geo_country_change,Alta,Yes,R17,Geo-salto físico improvável
C102299,TJG7EKJP69SN2,TJU3PPEQPFLM8,2025-08-11 10:48:13,2025-08-11 13:05:13,2.283,9508.3,4164.2,Card,Card,3482.99,3239.18,FR,BR,BR,BR,Low,Low,Low,Low,No,No,None,None,No,No,Yes,No,cross_border;geo_country_change,Alta,Yes,R17,Geo-salto físico improvável
C101374,T47BX4D6R7NQJ,TV8GRHK1F5NLA,2025-08-27 14:59:56,2025-08-27 16:19:03,1.319,9507.5,7210.3,Card,Card,2622.04,2955.81,ES,BR,BR,BR,Low,Low,Low,Low,No,No,VPN,None,No,No,Yes,No,proxy_vpn_tor;cross_border;geo_country_change,Alta,Yes,R17,Geo-salto físico improvável
C101575,T51CR3PZ1X5BG,TW9J90LMCND6F,2025-07-08 00:22:29,2025-07-08 01:11:54,0.824,9494.9,11528.4,Card,PIX,3499.68,465.14,US,BR,BR,BR,Low,Low,Low,Low,No,No,None,None,No,No,Yes,No,cross_border;geo_country_change,Alta,Yes,R17,Geo-salto físico improvável
C100740,TLRK4KDDZHLHK,TA32IAVMXKYLC,2025-09-08 23:35:16,2025-09-09 01:21:02,1.763,9481.8,5378.9,Card,Card,1950.6,1135.83,PT,BR,BR,BR,Low,Low,Low,Low,No,No,None,None,No,No,Yes,No,cross_border;geo_country_change,Alta,Yes,R17,Geo-salto físico improvável
C100114,TVGV7VM3TMSJ3,TKIFHANKANQOT,2025-08-12 12:02:27,2025-08-12 23:56:26,11.9,9467.1,795.6,PIX,PIX,2076.23,10080.95,US,DE,YE,BR,Low,Low,Monitored,Low,No,No,None,None,No,Yes,Yes,Yes,device_rooted;cross_border;geo_country_change,Alta,Yes,R17,Geo-salto físico improvável
C102468,TTRJRKWMUEJ5X,T2R045YDSSS9F,2025-07-16 14:04:08,2025-07-16 14:17:55,0.23,9461.5,41186.5,PIX,PIX,2786.39,1883.82,DE,BR,BR,BR,Low,Low,Low,Low,No,No,None,None,No,Yes,Yes,No,device_rooted;cross_border;geo_country_change,Alta,Yes,R17,Geo-salto físico improvável
C100155,TY7D6SH8MTM07,TIQ2ZF9BH9KTJ,2025-08-06 01:04:42,2025-08-06 03:18:33,2.231,9451.5,4236.8,PIX,Wire,3313.13,485.64,BR,FR,BR,BR,Low,Low,Low,Low,No,No,None,None,No,No,No,Yes,cross_border;geo_country_change,Alta,Yes,R17,Geo-salto físico improvável
C102169,TN32VEMMAX8RE,TEOKSWZNK1OD7,2025-07-30 10:21:36,2025-07-30 11:54:02,1.541,9416.7,6112.6,PIX,PIX,1390.91,759.97,US,GB,BR,BR,Low,Low,Low,Low,No,No,None,None,No,No,Yes,Yes,cross_border;geo_country_change,Alta,Yes,R17,Geo-salto físico improvável
C101761,T0XHW5JZQB2G8,TX4AGI3JUH6G3,2025-09-02 14:47:10,2025-09-02 16:44:32,1.956,9415.9,4813.6,PIX,PIX,2873.38,4940.88,BR,DE,BR,BR,Low,Low,Low,Low,No,No,None,None,No,No,No,Yes,cross_border;geo_country_change,Alta,Yes,R17,Geo-salto físico improvável
C101299,TO7KQHJIBL578,TIOXJ2NN3JJSQ,2025-07-15 13:05:42,2025-07-15 20:45:25,7.662,9397.5,1226.5,Card,Card,1754.29,470.68,MM,FR,BR,BR,High,Low,Low,Low,No,No,None,None,No,No,Yes,Yes,geo_country_high_risk;cross_border;geo_country_change,Alta,Yes,R17,Geo-salto físico improvável
C100437,T8XGPU9MM90U5,TFU4HQECTETOJ,2025-08-19 17:52:06,2025-08-19 22:07:13,4.252,9373.3,2204.5,PIX,Card,3180.58,5608.05,ES,BR,BR,BR,Low,Low,Low,Low,No,No,Proxy,None,No,No,Yes,No,proxy_vpn_tor;cross_border;geo_country_change,Alta,Yes,R17,Geo-salto físico improvável
C102219,TSZU7PSW1GN7K,TBTNUJDIQO1RF,2025-07-19 08:45:15,2025-07-19 09:49:29,1.071,9354.4,8737.9,Card,Card,4720.09,2070.84,BR,GB,BR,BR,Low,Low,Low,Low,No,No,VPN,None,No,No,No,Yes,proxy_vpn_tor;cross_border;geo_country_change,Alta,Yes,R17,Geo-salto físico improvável
C100536,TD25LJM4EIOSH,TEAIKDSFM4SYC,2025-08-02 08:26:19,2025-08-02 08:56:17,0.499,9325.2,18671.2,Card,PIX,2270.07,4803.24,BR,DE,BR,BR,Low,Low,Low,Low,No,No,None,None,No,No,No,Yes,cross_border;geo_country_change,Alta,Yes,R17,Geo-salto físico improvável
C101400,T8CG1HAYTK22I,TYR5WMZ7IJQHY,2025-09-25 00:15:07,2025-09-25 10:56:59,10.698,9316.7,870.9,PIX,Card,1146.27,414.11,DE,BR,KP,BR,Low,Low,High,Low,Yes,No,None,None,No,No,Yes,No,ip_country_high_risk;ip_anomaly;cross_border;geo_country_change,Alta,Yes,R17,Geo-salto físico improvável
C101639,TPSMUXFDK8WQI,TNMYSDRXXKX56,2025-09-19 09:46:50,2025-09-19 10:07:14,0.34,9291.8,27328.9,Card,PIX,4190.73,5009.0,BR,PT,BR,BR,Low,Low,Low,Low,No,No,None,None,No,No,No,Yes,cross_border;geo_country_change,Alta,Yes,R17,Geo-salto físico improvável
C101571,TLJBYAVH6QISB,TV3VPNVSWCEMW,2025-09-02 10:05:29,2025-09-02 16:38:43,6.554,9274.7,1415.1,PIX,PIX,11046.52,1003.95,BR,GB,BR,BR,Low,Low,Low,Low,No,No,VPN,None,No,No,No,Yes,proxy_vpn_tor;cross_border;geo_country_change,Alta,Yes,R17,Geo-salto físico improvável
C101001,TRN5AS4N7KXFD,TFC5H1X9IKL8L,2025-07-14 04:30:45,2025-07-14 05:32:32,1.03,9262.2,8994.8,PIX,PIX,3772.9,8461.25,BY,US,BR,BR,Monitored,Low,Low,Low,No,No,None,None,No,No,Yes,Yes,cross_border;geo_country_change,Alta,Yes,R17,Geo-salto físico improvável
C102263,TLN17C9EBV7ZA,TSA1FJE797CEW,2025-07-20 16:00:08,2025-07-20 21:19:42,5.326,9251.5,1737.0,Card,PIX,12763.85,2205.98,BR,US,BR,BR,Low,Low,Low,Low,No,No,None,None,No,Yes,No,Yes,device_rooted;cross_border;geo_country_change,Alta,Yes,R17,Geo-salto físico improvável
C100365,TCFGKQII03BUS,TAZ2W6Z3REMVP,2025-09-09 01:53:47,2025-09-09 03:40:10,1.773,9246.8,5215.2,PIX,PIX,2155.36,5956.17,BR,ES,BR,BR,Low,Low,Low,Low,No,No,Proxy,None,No,No,No,Yes,proxy_vpn_tor;cross_border;geo_country_change,Alta,Yes,R17,Geo-salto físico improvável
C101318,TJATMS0P8P71I,TWX54RZREPMB4,2025-10-01 16:47:06,2025-10-01 18:07:24,1.338,9240.1,6904.2,PIX,PIX,4519.74,35860.94,US,BR,BR,BR,Low,Low,Low,Low,No,No,VPN,None,No,No,Yes,No,proxy_vpn_tor;cross_border;geo_country_change,Alta,Yes,R17,Geo-salto físico improvável
C102241,TCAWO4DHASAF3,TH9SULAC03R0R,2025-08-16 00:06:32,2025-08-16 01:47:04,1.676,9211.8,5497.8,Card,PIX,1726.0,409.37,BR,DE,BR,BR,Low,Low,Low,Low,No,No,None,None,No,No,No,Yes,cross_border;geo_country_change,Alta,Yes,R17,Geo-salto físico improvável
C100489,TNPZVKRXY69X0,TDVXZ7BT9KW20,2025-09-09 12:39:20,2025-09-09 12:52:16,0.216,9208.6,42720.4,Card,Card,2752.88,3026.99,BY,BR,BR,BR,Monitored,Low,Low,Low,No,No,None,None,No,No,Yes,No,cross_border;geo_country_change,Alta,Yes,R17,Geo-salto físico improvável
C102325,TNWRP6IJ0WGUE,TEV38P6OGDZCW,2025-09-18 16:37:45,2025-09-18 17:26:45,0.817,9199.7,11264.9,PIX,Card,967.96,4192.71,DE,BR,BR,BR,Low,Low,Low,Low,No,No,None,None,No,No,Yes,No,cross_border;geo_country_change,Alta,Yes,R17,Geo-salto físico improvável
C101899,TT13U3ZBY9Z7A,TT4Q203T613D8,2025-08-07 09:00:08,2025-08-07 12:45:22,3.754,9197.2,2450.0,PIX,PIX,1643.45,953.3,BR,DE,BR,BR,Low,Low,Low,Low,No,No,None,Proxy,No,No,No,Yes,proxy_vpn_tor;cross_border;geo_country_change,Alta,Yes,R17,Geo-salto físico improvável
C100609,T9I2FR9X5NOXC,TK9OPND1INBHO,2025-07-11 15:23:07,2025-07-11 23:02:13,7.652,9171.3,1198.6,PIX,PIX,2216.35,2439.37,ES,BR,BR,BR,Low,Low,Low,Low,No,No,None,None,Yes,No,Yes,No,device_rooted;cross_border;geo_country_change,Alta,Yes,R17,Geo-salto físico improvável
C102246,TJRAADF1A6C0R,T0CGQ9V03S26X,2025-09-03 22:33:34,2025-09-04 00:02:52,1.488,9165.5,6158.2,Card,PIX,806.52,2653.05,US,BR,BR,LY,Low,Low,Low,Monitored,No,No,None,VPN,No,Yes,Yes,No,proxy_vpn_tor;device_rooted;cross_border;geo_country_change,Alta,Yes,R17,Geo-salto físico improvável
C100447,TYCQ7EPPYCWLH,T5F38GK7SQAFU,2025-08-25 13:32:38,2025-08-25 17:06:59,3.572,9158.0,2563.5,Wire,Wire,4937.97,2675.92,DE,BR,BR,BR,Low,Low,Low,Low,No,No,Tor,None,No,No,Yes,No,proxy_vpn_tor;cross_border;geo_country_change,Alta,Yes,R17,Geo-salto físico improvável
C101659,TA6NEYS8WROXA,T0B6K2EE7GN0K,2025-09-12 19:13:36,2025-09-13 06:34:18,11.345,9148.0,806.3,PIX,PIX,13434.96,4189.58,PT,BR,BR,BR,Low,Low,Low,Low,No,No,None,None,Yes,No,Yes,No,device_rooted;cross_border;geo_country_change,Alta,Yes,R17,Geo-salto físico improvável
C102448,TZUDO9NPM0DC6,TPN9IEVAMVDWM,2025-07-24 00:37:45,2025-07-24 02:59:27,2.362,9139.6,3870.0,PIX,PIX,3258.03,4762.85,BR,FR,BR,BR,Low,Low,Low,Low,No,No,None,None,No,No,No,Yes,cross_border;geo_country_change,Alta,Yes,R17,Geo-salto físico improvável
C101432,TXAWA01EVRICQ,T540HP74RG1NN,2025-08-08 09:02:00,2025-08-08 12:57:54,3.932,9135.0,2323.4,Card,PIX,2384.36,776.71,US,BR,BR,BR,Low,Low,Low,Low,No,No,None,VPN,No,No,Yes,No,proxy_vpn_tor;cross_border;geo_country_change,Alta,Yes,R17,Geo-salto físico improvável
C101378,TJKKEHB8JGMNB,T37AFV2SHUABQ,2025-07-26 14:05:19,2025-07-26 20:10:20,6.084,9132.1,1501.1,PIX,Card,6370.76,1412.85,PT,BR,BR,BR,Low,Low,Low,Low,No,No,Proxy,None,No,No,Yes,No,proxy_vpn_tor;cross_border;geo_country_change,Alta,Yes,R17,Geo-salto físico improvável
C101772,TRP0F0PUHNQ3I,TRLD77L3K78K0,2025-09-04 10:33:13,2025-09-04 11:04:21,0.519,9127.2,17589.9,PIX,Card,3780.43,6613.13,BR,US,BR,BR,Low,Low,Low,Low,No,No,None,None,No,Yes,No,Yes,device_rooted;cross_border;geo_country_change,Alta,Yes,R17,Geo-salto físico improvável
C101019,T00TV95I7R3S3,TVGTPPD5N5S9L,2025-07-20 09:18:05,2025-07-20 18:32:13,9.236,9125.4,988.1,PIX,Card,500.56,4391.45,BR,ES,BR,BR,Low,Low,Low,Low,No,No,None,Tor,No,No,No,Yes,proxy_vpn_tor;cross_border;geo_country_change,Alta,Yes,R17,Geo-salto físico improvável
C101631,TGD524DYINE33,T51EXU8H9CRGP,2025-08-14 15:04:23,2025-08-14 17:40:49,2.607,9117.3,3496.9,Card,PIX,1335.39,27251.98,ES,BR,BR,BR,Low,Low,Low,Low,No,No,None,None,No,No,Yes,No,cross_border;geo_country_change,Alta,Yes,R17,Geo-salto físico improvável
C101236,THGADHA3VLGJT,TWVQLPXZQ65LF,2025-08-08 00:49:26,2025-08-08 01:27:52,0.641,9114.0,14228.3,PIX,Card,2077.92,909.52,DE,BR,BR,BR,Low,Low,Low,Low,No,No,None,None,No,No,Yes,No,cross_border;geo_country_change,Alta,Yes,R17,Geo-salto físico improvável
C100920,T8BQZ6WWIQVYC,TVPKJ0OY95YST,2025-08-22 13:00:44,2025-08-22 13:02:06,0.023,9094.2,399258.6,PIX,PIX,7437.43,1793.99,US,BR,BR,BR,Low,Low,Low,Low,No,No,None,None,No,No,Yes,No,cross_border;geo_country_change,Alta,Yes,R17,Geo-salto físico improvável
C101669,TFTWKRQ59KPJZ,T47HNU3GBLBW6,2025-08-04 06:09:07,2025-08-04 08:38:35,2.491,9066.1,3639.4,PIX,Card,14291.6,6731.91,BR,US,BR,BR,Low,Low,Low,Low,No,No,None,Proxy,No,No,No,Yes,proxy_vpn_tor;cross_border;geo_country_change,Alta,Yes,R17,Geo-salto físico improvável
C102439,T36ISPLC4484W,TQS9BL6UH07U1,2025-09-26 23:06:32,2025-09-27 00:24:22,1.297,9064.0,6987.2,Card,PIX,2429.79,1748.2,BR,US,BR,BR,Low,Low,Low,Low,No,No,None,Tor,No,No,No,Yes,proxy_vpn_tor;cross_border;geo_country_change,Alta,Yes,R17,Geo-salto físico improvável
C101599,TDNRPCF97STCM,TNJBXCJBIAVB8,2025-07-22 08:50:24,2025-07-22 18:17:59,9.46,9045.4,956.2,Card,PIX,2214.47,1248.72,US,BR,BR,BR,Low,Low,Low,Low,No,No,None,None,Yes,No,Yes,No,device_rooted;cross_border;geo_country_change,Alta,Yes,R17,Geo-salto físico improvável
C101502,TFKVFJDXQSANA,TK2WK5VB5DX1C,2025-08-17 14:56:50,2025-08-17 15:01:08,0.072,9034.2,126058.3,PIX,PIX,7043.23,933.73,BR,US,BR,BR,Low,Low,Low,Low,No,No,None,None,No,No,No,Yes,cross_border;geo_country_change,Alta,Yes,R17,Geo-salto físico improvável
C100362,TFNO5G0WLSEJ9,T58IKPHDZK78R,2025-07-30 05:44:41,2025-07-30 07:37:12,1.875,9003.9,4801.4,Card,PIX,12089.08,1976.84,BR,US,BR,BR,Low,Low,Low,Low,No,No,None,None,No,No,No,Yes,cross_border;geo_country_change,Alta,Yes,R17,Geo-salto físico improvável
C102418,T1JTB3XTRASS2,TPGG5JAE1P8MV,2025-09-03 00:32:01,2025-09-03 02:36:10,2.069,8998.0,4348.6,PIX,PIX,5886.69,2915.54,DE,BR,BR,BR,Low,Low,Low,Low,No,No,None,None,No,No,Yes,No,cross_border;geo_country_change,Alta,Yes,R17,Geo-salto físico improvável
C100550,TRBNUYDFJ30PZ,TTAI9OPPVK7KF,2025-08-20 05:37:19,2025-08-20 13:16:07,7.647,8983.6,1174.8,PIX,PIX,2581.1,3749.18,LY,BR,BR,BR,Monitored,Low,Low,Low,No,No,None,None,Yes,No,Yes,No,device_rooted;cross_border;geo_country_change,Alta,Yes,R17,Geo-salto físico improvável
C100486,TFXEX8Q9M12RJ,T84OJ8ABQ2K60,2025-09-25 13:02:26,2025-09-25 19:57:29,6.918,8978.8,1298.0,Card,PIX,1750.66,5688.66,BR,PT,BR,BR,Low,Low,Low,Low,No,No,None,None,No,Yes,No,Yes,device_rooted;cross_border;geo_country_change,Alta,Yes,R17,Geo-salto físico improvável
C101200,TH854LQUBP6VD,TKXB18GG9NOJ2,2025-08-10 03:25:08,2025-08-10 04:55:59,1.514,8963.4,5919.7,PIX,PIX,1303.26,7188.16,BR,GB,BR,BR,Low,Low,Low,Low,No,No,None,None,No,No,No,Yes,cross_border;geo_country_change,Alta,Yes,R17,Geo-salto físico improvável
C100769,TGM125SJGO12P,TY2CK2T426QEP,2025-09-05 10:40:15,2025-09-05 13:02:10,2.365,8960.5,3788.3,Card,PIX,3711.1,8814.16,US,RU,BR,BR,Low,Monitored,Low,Low,No,No,None,None,No,No,Yes,Yes,cross_border;geo_country_change,Alta,Yes,R17,Geo-salto físico improvável
C100750,TSK30C9LJLXWI,TWRDXVW5PYI2I,2025-07-28 11:00:50,2025-07-28 11:49:52,0.817,8955.7,10958.8,PIX,PIX,4493.21,1779.08,DE,BR,BR,BR,Low,Low,Low,Low,No,No,None,None,No,No,Yes,No,cross_border;geo_country_change,Alta,Yes,R17,Geo-salto físico improvável
C102138,TSGG8N84LJVM2,T1I9T1ZWDOJ62,2025-09-12 09:37:23,2025-09-12 13:11:25,3.567,8934.6,2504.6,PIX,PIX,1129.39,1085.86,BR,GB,BR,BR,Low,Low,Low,Low,No,No,None,VPN,No,No,No,Yes,proxy_vpn_tor;cross_border;geo_country_change,Alta,Yes,R17,Geo-salto físico improvável
C101761,T9KUFGHXDL769,T0EKKHOLFK70N,2025-08-09 17:36:06,2025-08-10 03:45:05,10.15,8925.3,879.4,PIX,PIX,3597.92,2883.78,LY,US,BR,BR,Monitored,Low,Low,Low,No,No,Proxy,VPN,No,No,Yes,Yes,proxy_vpn_tor;cross_border;geo_country_change,Alta,Yes,R17,Geo-salto físico improvável
C100344,TU6TM9YVUGLK7,TRYZYCX50QXNU,2025-07-25 07:35:22,2025-07-25 07:52:11,0.28,8908.2,31783.4,Card,PIX,3120.26,4607.95,BR,US,BR,BR,Low,Low,Low,Low,No,No,None,Proxy,No,No,No,Yes,proxy_vpn_tor;cross_border;geo_country_change,Alta,Yes,R17,Geo-salto físico improvável
C100635,TIML2SZKJSPHH,TC6I63DU5HCVB,2025-09-24 17:22:04,2025-09-24 18:27:10,1.085,8869.2,8174.4,Card,Card,3115.25,1722.02,PT,BR,BR,BR,Low,Low,Low,Low,No,No,None,None,No,No,Yes,No,cross_border;geo_country_change,Alta,Yes,R17,Geo-salto físico improvável
C100175,T6IHMDGQFFJE8,T2OPLFV7NGC48,2025-10-03 21:11:30,2025-10-03 21:48:52,0.623,8841.5,14196.9,Card,PIX,1436.85,1080.52,BR,US,BR,BR,Low,Low,Low,Low,No,No,None,None,No,Yes,No,Yes,device_rooted;cross_border;geo_country_change,Alta,Yes,R17,Geo-salto físico improvável
C100873,T57V69RE8I4ZY,TIGWESNO061VS,2025-07-08 13:04:38,2025-07-08 14:47:48,1.719,8841.4,5142.0,PIX,PIX,2372.71,1647.25,BR,PT,BR,BR,Low,Low,Low,Low,No,No,None,None,No,No,No,Yes,cross_border;geo_country_change,Alta,Yes,R17,Geo-salto físico improvável
C101979,TSCPPWRP8MF04,TMK3J70HF66R0,2025-07-26 00:55:28,2025-07-26 01:54:21,0.981,8838.6,9006.2,PIX,PIX,13471.11,2111.34,BR,ES,BR,BR,Low,Low,Low,Low,No,No,None,None,No,No,No,Yes,cross_border;geo_country_change,Alta,Yes,R17,Geo-salto físico improvável
C100426,TQ4F0UBQ8BK6C,T1CVW5T3VMIPY,2025-09-28 16:16:53,2025-09-28 19:58:10,3.688,8838.0,2396.4,PIX,PIX,864.47,1809.86,BR,US,BR,BR,Low,Low,Low,Low,No,No,None,Proxy,No,No,No,Yes,proxy_vpn_tor;cross_border;geo_country_change,Alta,Yes,R17,Geo-salto físico improvável
C101986,TPU0OPJRNI3H8,T8X200HFG7KV9,2025-07-16 16:11:59,2025-07-17 03:19:10,11.12,8824.9,793.6,Card,PIX,2877.06,948.59,GB,MM,BR,PT,Low,High,Low,Low,No,No,None,None,No,No,Yes,Yes,geo_country_high_risk;cross_border;geo_country_change,Alta,Yes,R17,Geo-salto físico improvável
C102357,T4G3FFNRBMTJA,TAIIPXKQU6VV0,2025-07-30 01:42:42,2025-07-30 05:40:22,3.961,8816.3,2225.7,Card,PIX,2559.71,2500.14,US,BR,BR,BR,Low,Low,Low,Low,No,No,Proxy,None,No,No,Yes,No,proxy_vpn_tor;cross_border;geo_country_change,Alta,Yes,R17,Geo-salto físico improvável
C100853,T0A7Y22PTF8DN,TULRHNN5THKXI,2025-07-23 11:09:57,2025-07-23 20:12:52,9.049,8813.5,974.0,PIX,PIX,3173.2,3878.33,GB,BR,BR,BR,Low,Low,Low,Low,No,No,Tor,None,No,No,Yes,No,proxy_vpn_tor;cross_border;geo_country_change,Alta,Yes,R17,Geo-salto físico improvável
C100168,T6ZRNRD458AIV,TLFAIVH0Y6RZC,2025-08-25 15:13:27,2025-08-25 16:12:48,0.989,8805.5,8902.0,PIX,Card,3584.9,2804.18,FR,BR,BR,BR,Low,Low,Low,Low,No,No,None,None,No,No,Yes,No,cross_border;geo_country_change,Alta,Yes,R17,Geo-salto físico improvável
C100510,TEQ3ZK7ZV7E9T,TOM4XIMXR4PS9,2025-09-14 23:41:25,2025-09-15 01:10:43,1.488,8777.4,5897.4,Card,Card,1383.99,24563.38,BR,US,BR,BR,Low,Low,Low,Low,No,No,None,None,No,No,No,Yes,cross_border;geo_country_change,Alta,Yes,R17,Geo-salto físico improvável
C101968,TMCAKL0YUNLIS,T6HM1G2TV7FJV,2025-08-20 12:38:41,2025-08-20 17:03:44,4.418,8773.4,1986.1,Card,Card,1863.06,2085.64,LY,BR,BR,BR,Monitored,Low,Low,Low,No,No,VPN,None,No,No,Yes,No,proxy_vpn_tor;cross_border;geo_country_change,Alta,Yes,R17,Geo-salto físico improvável
C100754,TD7R1013G3UY5,T7ZAYJCTEIDYQ,2025-09-03 05:41:20,2025-09-03 05:50:14,0.148,8772.8,59142.4,Card,PIX,1407.37,3731.82,BR,PT,BR,BR,Low,Low,Low,Low,No,No,None,VPN,No,No,No,Yes,proxy_vpn_tor;cross_border;geo_country_change,Alta,Yes,R17,Geo-salto físico improvável
C101776,TPA7K0B4NS0GQ,TD0MVU18OO9I0,2025-09-14 13:09:10,2025-09-14 17:10:37,4.024,8750.5,2174.5,PIX,PIX,1490.81,9821.74,BR,PT,BR,BR,Low,Low,Low,Low,No,No,VPN,None,No,No,No,Yes,proxy_vpn_tor;cross_border;geo_country_change,Alta,Yes,R17,Geo-salto físico improvável
C101662,T03LA3D3UD2L7,TNQA8HH0YZ9OQ,2025-08-08 20:43:00,2025-08-08 22:35:41,1.878,8745.6,4656.7,PIX,PIX,10460.25,3183.13,FR,BR,BR,BR,Low,Low,Low,Low,No,No,None,None,No,No,Yes,No,cross_border;geo_country_change,Alta,Yes,R17,Geo-salto físico improvável
C101053,TAY515QUYYHZL,T6C9DL6VVYEEE,2025-07-06 12:41:49,2025-07-06 13:02:45,0.349,8738.8,25047.5,PIX,PIX,9640.01,1407.88,US,BR,BR,BR,Low,Low,Low,Low,No,No,VPN,None,No,No,Yes,No,proxy_vpn_tor;cross_border;geo_country_change,Alta,Yes,R17,Geo-salto físico improvável
C100874,T3XKW0C0WHM87,TEYT85CBR8FTS,2025-07-25 22:25:29,2025-07-26 01:19:38,2.902,8738.8,3010.8,Card,PIX,2567.76,19404.59,BR,PT,BR,BR,Low,Low,Low,Low,No,No,None,None,No,Yes,No,Yes,device_rooted;cross_border;geo_country_change,Alta,Yes,R17,Geo-salto físico improvável
C101445,TLDMMIWTI9WSU,T4TCRQ3MZFYUC,2025-08-03 11:13:53,2025-08-03 16:14:40,5.013,8703.8,1736.2,Wire,Card,4738.23,2121.78,BR,PT,BR,BR,Low,Low,Low,Low,No,No,Proxy,VPN,No,No,No,Yes,proxy_vpn_tor;cross_border;geo_country_change,Alta,Yes,R17,Geo-salto físico improvável
C100818,TV6U7R8F9FHC2,TTWSKFZZPU6PZ,2025-07-10 02:43:57,2025-07-10 03:19:51,0.598,8695.7,14533.2,Card,Card,28058.47,3313.96,BR,FR,BR,BR,Low,Low,Low,Low,No,No,None,None,No,No,No,Yes,cross_border;geo_country_change,Alta,Yes,R17,Geo-salto físico improvável
C102283,TZ5ADE1LAWEE5,TH1LPKKN0QLSQ,2025-09-16 16:05:01,2025-09-16 16:11:26,0.107,8672.0,81088.8,Card,PIX,1699.45,3434.84,BR,GB,BR,BR,Low,Low,Low,Low,No,No,None,None,No,No,No,Yes,cross_border;geo_country_change,Alta,Yes,R17,Geo-salto físico improvável
C101742,TN384XBC6EK5H,T5MDFFW97JFD7,2025-07-14 03:15:17,2025-07-14 05:58:50,2.726,8645.9,3171.9,PIX,Card,4853.94,2767.61,FR,BR,BR,BR,Low,Low,Low,Low,No,No,Proxy,VPN,No,No,Yes,No,proxy_vpn_tor;cross_border;geo_country_change,Alta,Yes,R17,Geo-salto físico improvável
C100056,TK01SBEY7Z2I7,TO2KWS8SXPW1S,2025-07-17 23:53:32,2025-07-18 00:53:37,1.001,8639.8,8627.8,PIX,Card,7498.27,1717.85,BR,GB,BR,BR,Low,Low,Low,Low,No,No,None,None,No,No,No,Yes,cross_border;geo_country_change,Alta,Yes,R17,Geo-salto físico improvável
C100780,TZI7A1F08MJGH,T563QJC0C437B,2025-09-24 07:20:23,2025-09-24 07:42:26,0.367,8624.6,23468.4,PIX,Card,1488.25,4250.42,BR,FR,BR,BR,Low,Low,Low,Low,No,No,None,None,No,No,No,Yes,cross_border;geo_country_change,Alta,Yes,R17,Geo-salto físico improvável
C100474,TAF5QNMQ9ZMG5,TSCQDWYL9UYLK,2025-07-15 23:41:43,2025-07-15 23:55:38,0.232,8606.7,37106.5,PIX,PIX,729.79,918.71,BR,GB,BR,BR,Low,Low,Low,Low,No,No,None,None,No,No,No,Yes,cross_border;geo_country_change,Alta,Yes,R17,Geo-salto físico improvável
C100665,TYEDA4PEHTVCG,TXLHYXQY4KP9P,2025-09-09 09:13:43,2025-09-09 11:23:01,2.155,8606.2,3993.6,Card,PIX,656.62,6504.24,BR,DE,BR,BR,Low,Low,Low,Low,No,No,None,None,No,No,No,Yes,cross_border;geo_country_change,Alta,Yes,R17,Geo-salto físico improvável
C100201,TS83FQHO4PNRX,TI3RE03SLIX79,2025-07-14 14:03:58,2025-07-14 14:22:01,0.301,8602.8,28596.7,Wire,PIX,1080.7,12496.54,PT,BR,BR,BR,Low,Low,Low,Low,No,No,None,None,No,No,Yes,No,cross_border;geo_country_change,Alta,Yes,R17,Geo-salto físico improvável
C102370,T1N3HEUV63VHZ,T7G5SCI7DQ3DZ,2025-07-04 20:52:20,2025-07-04 21:33:12,0.681,8592.6,12615.6,PIX,Card,13155.3,2923.53,BR,PT,BR,BR,Low,Low,Low,Low,No,No,None,None,No,No,No,Yes,cross_border;geo_country_change,Alta,Yes,R17,Geo-salto físico improvável
C101590,TZYTCXSW5FK8Y,T797Z8XQC1T9N,2025-09-10 12:41:04,2025-09-10 12:58:45,0.295,8591.9,29152.7,PIX,Card,1145.35,2844.26,DE,BR,BR,BR,Low,Low,Low,Low,No,No,None,None,No,Yes,Yes,No,device_rooted;cross_border;geo_country_change,Alta,Yes,R17,Geo-salto físico improvável
C101725,T45T1YS1NZGCF,TQOXJ36I4MB87,2025-08-26 07:29:43,2025-08-26 17:22:12,9.875,8560.5,866.9,PIX,PIX,7813.35,1700.86,LY,BR,BR,BR,Monitored,Low,Low,Low,No,No,None,Proxy,No,No,Yes,No,proxy_vpn_tor;cross_border;geo_country_change,Alta,Yes,R17,Geo-salto físico improvável
C102370,T7G5SCI7DQ3DZ,TWCNKKJVO4V2C,2025-07-04 21:33:12,2025-07-04 22:12:54,0.662,8560.0,12937.1,Card,PIX,2923.53,10335.47,PT,BR,BR,BR,Low,Low,Low,Low,No,No,None,None,No,No,Yes,No,cross_border;geo_country_change,Alta,Yes,R17,Geo-salto físico improvável
C100172,TLP5JPX0OBCJ6,T63T0FELTCC80,2025-09-10 05:22:55,2025-09-10 08:07:12,2.738,8558.8,3125.9,PIX,PIX,5684.67,34366.68,PT,BR,BR,BR,Low,Low,Low,Low,No,No,None,None,No,No,Yes,No,cross_border;geo_country_change,Alta,Yes,R17,Geo-salto físico improvável
C102077,TAR97NXY17B25,TI7C90BK90QKS,2025-09-28 07:46:03,2025-09-28 17:01:20,9.255,8550.1,923.9,PIX,PIX,2445.24,12907.42,BR,DE,BR,BR,Low,Low,Low,Low,No,No,None,None,No,Yes,No,Yes,device_rooted;cross_border;geo_country_change,Alta,Yes,R17,Geo-salto físico improvável
C102167,TOB9X820SJTT5,TUZMN1ZB3JN9H,2025-08-21 17:30:37,2025-08-21 17:34:51,0.071,8513.2,120659.3,Card,PIX,4441.4,670.9,BR,GB,BR,BR,Low,Low,Low,Low,No,No,None,None,No,No,No,Yes,cross_border;geo_country_change,Alta,Yes,R17,Geo-salto físico improvável
C101343,T5BUDIPT78ALO,T9PK9B9H8HLS2,2025-08-21 23:11:07,2025-08-22 01:19:27,2.139,8477.1,3963.3,PIX,PIX,709.41,2020.45,GB,BR,BR,BR,Low,Low,Low,Low,No,No,None,None,No,No,Yes,No,cross_border;geo_country_change,Alta,Yes,R17,Geo-salto físico improvável
C102200,TBTZFTW2IN7EF,TJ2WGXX3YZB0L,2025-08-10 22:20:34,2025-08-11 00:15:05,1.909,8473.0,4439.4,PIX,PIX,27722.13,2213.74,BR,DE,BR,BR,Low,Low,Low,Low,No,No,None,None,No,No,No,Yes,cross_border;geo_country_change,Alta,Yes,R17,Geo-salto físico improvável
C102261,TQPOUWRURUJ3W,TBLVLA5OL6P2B,2025-09-08 05:53:10,2025-09-08 09:49:03,3.931,8469.7,2154.4,PIX,PIX,1771.53,585.63,US,BR,BR,BR,Low,Low,Low,Low,No,No,VPN,None,No,No,Yes,No,proxy_vpn_tor;cross_border;geo_country_change,Alta,Yes,R17,Geo-salto físico improvável
C102273,TSEN2VKUO76BO,TU7FTS02XWE9W,2025-08-12 05:30:55,2025-08-12 15:49:25,10.308,8469.2,821.6,PIX,Card,7291.12,707.65,BR,US,BR,BR,Low,Low,Low,Low,No,No,VPN,None,No,No,No,Yes,proxy_vpn_tor;cross_border;geo_country_change,Alta,Yes,R17,Geo-salto físico improvável
C102034,T5VDHOD8X8NX9,TO5V9C1HQRLY6,2025-09-20 03:26:54,2025-09-20 10:51:36,7.412,8464.8,1142.1,Card,Card,920.2,681.95,BR,GB,BR,BR,Low,Low,Low,Low,No,No,Proxy,None,Yes,No,No,Yes,proxy_vpn_tor;device_rooted;cross_border;geo_country_change,Alta,Yes,R17,Geo-salto físico improvável
C101324,T48PMYCZFBSN8,TTOALY45NRT6A,2025-07-13 17:55:15,2025-07-14 03:16:45,9.358,8418.4,899.6,Card,PIX,2766.96,3471.37,PT,BR,BR,BR,Low,Low,Low,Low,No,No,VPN,None,No,No,Yes,No,proxy_vpn_tor;cross_border;geo_country_change,Alta,Yes,R17,Geo-salto físico improvável
C102345,TNTPMFP2J39W2,TIO7T524MVTM6,2025-08-18 07:57:31,2025-08-18 09:56:29,1.983,8411.3,4242.2,PIX,PIX,433.1,9221.23,FR,BR,BR,BR,Low,Low,Low,Low,No,No,None,None,No,No,Yes,No,cross_border;geo_country_change,Alta,Yes,R17,Geo-salto físico improvável
C101793,TXVJ9RLFZMPDY,TMA1GGCZBDT5Z,2025-08-10 21:21:13,2025-08-10 23:01:59,1.679,8408.7,5006.8,Card,Card,3116.16,3320.46,FR,BR,BR,BR,Low,Low,Low,Low,No,No,None,None,No,No,Yes,No,cross_border;geo_country_change,Alta,Yes,R17,Geo-salto físico improvável
C102001,TFYQE9EDAYKY7,TMN8PDRPR8QEG,2025-09-24 23:06:03,2025-09-25 05:29:55,6.398,8405.3,1313.8,PIX,PIX,5780.76,404.48,BR,ES,BR,BR,Low,Low,Low,Low,No,No,Proxy,None,No,No,No,Yes,proxy_vpn_tor;cross_border;geo_country_change,Alta,Yes,R17,Geo-salto físico improvável
C101576,TOQBQODXX4K3X,THNEQWUYR7UPQ,2025-07-14 17:20:27,2025-07-14 18:37:43,1.288,8404.8,6526.6,PIX,Card,2558.1,357.6,PT,BR,BR,BR,Low,Low,Low,Low,No,No,VPN,None,No,No,Yes,No,proxy_vpn_tor;cross_border;geo_country_change,Alta,Yes,R17,Geo-salto físico improvável
C101324,T7CIOUPVPKBZS,T48PMYCZFBSN8,2025-07-13 08:34:01,2025-07-13 17:55:15,9.354,8403.4,898.4,PIX,Card,2708.41,2766.96,BR,PT,BR,BR,Low,Low,Low,Low,No,No,None,VPN,No,No,No,Yes,proxy_vpn_tor;cross_border;geo_country_change,Alta,Yes,R17,Geo-salto físico improvável
C101075,T2928TGDBFYVF,TM2WLUWPFUDQ8,2025-09-18 02:27:56,2025-09-18 03:45:57,1.3,8378.4,6443.6,Card,PIX,1188.31,492.9,BR,ES,BR,BR,Low,Low,Low,Low,No,No,None,None,No,No,No,Yes,cross_border;geo_country_change,Alta,Yes,R17,Geo-salto físico improvável
C102263,TUF60E5898VTQ,TOJFNP4HYZ0MC,2025-10-03 22:55:52,2025-10-03 23:44:41,0.814,8376.6,10295.6,PIX,PIX,768.67,261.72,DE,BR,BR,BR,Low,Low,Low,Low,No,No,None,None,No,No,Yes,No,cross_border;geo_country_change,Alta,Yes,R17,Geo-salto físico improvável
C100730,TQQ6RI10DIBCQ,TERB58542M490,2025-08-14 16:30:46,2025-08-14 18:37:21,2.11,8369.0,3966.9,Card,PIX,2956.25,1973.95,PT,BR,BR,BR,Low,Low,Low,Low,No,No,None,None,No,No,Yes,No,cross_border;geo_country_change,Alta,Yes,R17,Geo-salto físico improvável
C100899,TXD8YZX8NQKQR,TASVFTJ3SXWJN,2025-07-24 19:53:49,2025-07-24 20:56:04,1.038,8367.3,8064.9,Card,Card,10846.2,1041.36,DE,BR,BR,BR,Low,Low,Low,Low,No,No,None,None,No,No,Yes,No,cross_border;geo_country_change,Alta,Yes,R17,Geo-salto físico improvável
C101475,T04604XP4MAMT,TDBT29B9DLHIR,2025-09-24 12:56:04,2025-09-24 18:45:13,5.819,8366.5,1437.8,PIX,Card,2069.17,12195.17,DE,BR,BR,BR,Low,Low,Low,Low,No,No,None,Proxy,No,No,Yes,No,proxy_vpn_tor;cross_border;geo_country_change,Alta,Yes,R17,Geo-salto físico improvável
C100987,TU6G39DLALAEW,TMHUB962BT24Q,2025-07-13 01:45:54,2025-07-13 03:01:06,1.253,8329.9,6646.2,Card,PIX,3542.88,628.28,BR,US,BR,BR,Low,Low,Low,Low,No,No,None,None,No,No,No,Yes,cross_border;geo_country_change,Alta,Yes,R17,Geo-salto físico improvável
C101423,THYRWHS3TTEN3,T6E0WWEAVTNOQ,2025-09-02 21:48:40,2025-09-03 04:06:29,6.297,8326.3,1322.3,Card,PIX,5813.46,988.96,BR,ES,BR,MM,Low,Low,Low,High,No,Yes,None,None,No,No,No,Yes,ip_country_high_risk;ip_anomaly;cross_border;geo_country_change,Alta,Yes,R17,Geo-salto físico improvável
C101810,T0K0HJ9BOTINO,TNNN25NGS1OO8,2025-07-27 11:48:09,2025-07-27 12:46:14,0.968,8313.3,8587.7,Card,PIX,2166.34,15252.43,BR,US,BR,BR,Low,Low,Low,Low,No,No,None,None,No,No,No,Yes,cross_border;geo_country_change,Alta,Yes,R17,Geo-salto físico improvável
C101000,TV2NE7BC3HGXZ,TEENTLGVB5N24,2025-07-19 14:50:35,2025-07-19 19:12:52,4.371,8313.3,1901.8,PIX,Card,1266.03,3003.17,BR,DE,BR,BR,Low,Low,Low,Low,No,No,Proxy,None,No,No,No,Yes,proxy_vpn_tor;cross_border;geo_country_change,Alta,Yes,R17,Geo-salto físico improvável
C101849,T9UR6DBQF432D,T392P1FU0WLP5,2025-07-23 23:35:44,2025-07-24 02:17:25,2.695,8310.4,3084.0,Card,PIX,2464.18,1713.2,BR,US,BR,BR,Low,Low,Low,Low,No,No,None,None,No,No,No,Yes,cross_border;geo_country_change,Alta,Yes,R17,Geo-salto físico improvável
C100638,TKXYWOWRMW0Y2,T3P2KU1T9X97Z,2025-07-14 13:05:34,2025-07-14 14:36:25,1.514,8288.2,5473.8,PIX,Card,1198.6,4794.1,BR,FR,BR,BR,Low,Low,Low,Low,No,No,None,None,No,Yes,No,Yes,device_rooted;cross_border;geo_country_change,Alta,Yes,R17,Geo-salto físico improvável
C101425,TE2KU4FYVRW79,TY3KVWLHL487M,2025-09-19 21:29:30,2025-09-19 22:25:25,0.932,8263.9,8867.4,PIX,PIX,2314.75,735.58,DE,BR,BR,BR,Low,Low,Low,Low,No,No,None,None,No,No,Yes,No,cross_border;geo_country_change,Alta,Yes,R17,Geo-salto físico improvável
C101562,T9LY7YWTGDG1T,T4WWRWRLLA7HW,2025-07-27 12:48:23,2025-07-27 18:41:00,5.877,8249.3,1403.7,PIX,PIX,962.03,457.8,ES,BR,BR,BR,Low,Low,Low,Low,No,No,VPN,None,No,No,Yes,No,proxy_vpn_tor;cross_border;geo_country_change,Alta,Yes,R17,Geo-salto físico improvável
C101975,TZ73LVWBWM0TS,TOEEYGE24FION,2025-09-02 13:04:04,2025-09-02 14:54:08,1.834,8243.9,4493.9,PIX,PIX,1955.48,4294.24,BR,GB,BR,BR,Low,Low,Low,Low,No,No,None,None,No,No,No,Yes,cross_border;geo_country_change,Alta,Yes,R17,Geo-salto físico improvável
C100594,T4UVUIDGYN25I,TNA1SF6GTVTCL,2025-09-09 05:22:48,2025-09-09 13:16:24,7.893,8230.4,1042.7,PIX,PIX,1578.95,1832.69,MM,DE,BR,BR,High,Low,Low,Low,No,No,None,None,No,No,Yes,Yes,geo_country_high_risk;cross_border;geo_country_change,Alta,Yes,R17,Geo-salto físico improvável
C100582,T1HIICSQ12VEC,T2OD44JY9LNZP,2025-09-12 16:57:27,2025-09-12 19:35:01,2.626,8220.9,3130.4,Card,PIX,3432.79,2074.64,BR,ES,BR,BR,Low,Low,Low,Low,No,No,None,None,No,No,No,Yes,cross_border;geo_country_change,Alta,Yes,R17,Geo-salto físico improvável
C100926,T8Y2ZDDTNZWUS,TK8KC1ZUH4MQJ,2025-08-24 14:39:51,2025-08-25 00:09:56,9.501,8212.3,864.3,PIX,PIX,3903.33,1096.42,BR,US,BR,BR,Low,Low,Low,Low,No,No,Proxy,None,No,No,No,Yes,proxy_vpn_tor;cross_border;geo_country_change,Alta,Yes,R17,Geo-salto físico improvável
C101623,THKC0XY7C4TD6,TU03EN18HB7O8,2025-07-03 11:24:58,2025-07-03 14:07:50,2.714,8201.8,3021.5,Card,Card,3165.66,471.96,BR,FR,BR,BR,Low,Low,Low,Low,No,No,None,None,No,No,No,Yes,cross_border;geo_country_change,Alta,Yes,R17,Geo-salto físico improvável
C101307,TO7N8DQYAYOJO,T365ODKAM4K8D,2025-08-27 22:56:01,2025-08-27 23:53:09,0.952,8198.2,8609.5,Card,Card,1036.08,527.69,US,BR,BR,BR,Low,Low,Low,Low,No,No,None,None,No,No,Yes,No,cross_border;geo_country_change,Alta,Yes,R17,Geo-salto físico improvável
C100979,T4HHDS21LVSWZ,TKHMP4Y2IA11X,2025-09-14 10:29:44,2025-09-14 10:46:37,0.281,8174.1,29049.3,Wire,Card,4225.45,2577.36,GB,BR,BR,BR,Low,Low,Low,Low,No,No,None,None,No,No,Yes,No,cross_border;geo_country_change,Alta,Yes,R17,Geo-salto físico improvável
C100937,TK87P3DNALDMQ,TPHE9FKF3DO0Z,2025-08-21 22:26:53,2025-08-22 01:23:51,2.949,8156.0,2765.3,Card,PIX,12976.97,1924.63,BR,US,BR,BR,Low,Low,Low,Low,No,No,None,None,No,No,No,Yes,cross_border;geo_country_change,Alta,Yes,R17,Geo-salto físico improvável
C102329,T9TAI8Q9ILX3G,T9KJL6S0NRX5B,2025-09-10 07:05:08,2025-09-10 07:34:53,0.496,8144.7,16426.3,Card,Card,2184.11,2634.42,DE,BR,BR,BR,Low,Low,Low,Low,No,No,None,None,No,No,Yes,No,cross_border;geo_country_change,Alta,Yes,R17,Geo-salto físico improvável
C102308,TRLIYS5RKBNHI,THT2147NWXFW8,2025-09-15 01:23:21,2025-09-15 02:22:52,0.992,8099.2,8165.0,PIX,Card,5468.93,2210.95,BR,GB,BR,BR,Low,Low,Low,Low,No,No,None,None,No,No,No,Yes,cross_border;geo_country_change,Alta,Yes,R17,Geo-salto físico improvável
C100424,TSYTD45XXL82I,TJK26XPQ85X25,2025-08-14 15:13:43,2025-08-14 17:10:10,1.941,8098.3,4172.6,PIX,Card,3122.73,1019.04,US,BR,BR,BR,Low,Low,Low,Low,No,No,None,None,No,No,Yes,No,cross_border;geo_country_change,Alta,Yes,R17,Geo-salto físico improvável
C102289,TFPJRXOPOZUB9,TXSPGBIUOOTU8,2025-07-18 23:13:45,2025-07-19 03:41:31,4.463,8077.1,1809.9,PIX,Card,12902.92,3217.03,BR,DE,BR,BR,Low,Low,Low,Low,No,No,None,VPN,No,No,No,Yes,proxy_vpn_tor;cross_border;geo_country_change,Alta,Yes,R17,Geo-salto físico improvável
C102206,TAUDPKVOADV61,T0NLIIRHZBN62,2025-09-17 23:14:01,2025-09-17 23:14:15,0.004,8067.2,2074417.4,Card,PIX,1256.03,1902.08,BR,PT,BR,BR,Low,Low,Low,Low,No,No,None,None,No,No,No,Yes,cross_border;geo_country_change,Alta,Yes,R17,Geo-salto físico improvável
C101476,T4HETJZV8F70D,TVXXEHFWOOTSM,2025-09-09 16:44:40,2025-09-09 21:25:59,4.689,8019.2,1710.4,Card,Card,2013.6,12383.9,BR,ES,BR,BR,Low,Low,Low,Low,No,No,VPN,None,No,No,No,Yes,proxy_vpn_tor;cross_border;geo_country_change,Alta,Yes,R17,Geo-salto físico improvável
C101542,TYZLXRD63B1ZO,T9ZIKQIJI1LZK,2025-07-21 09:53:33,2025-07-21 11:55:02,2.025,8019.0,3960.6,PIX,PIX,1540.02,988.06,BR,US,BR,BR,Low,Low,Low,Low,No,No,None,None,No,No,No,Yes,cross_border;geo_country_change,Alta,Yes,R17,Geo-salto físico improvável
C100892,TBW57V9D7Z6ZW,TYSAR5D7WZQNM,2025-09-14 15:56:37,2025-09-14 17:04:00,1.123,8018.4,7139.8,PIX,PIX,2070.79,1500.48,ES,BR,BR,BR,Low,Low,Low,Low,No,No,None,Proxy,No,No,Yes,No,proxy_vpn_tor;cross_border;geo_country_change,Alta,Yes,R17,Geo-salto físico improvável
C100976,TEUNT6HDZI4DI,TPSWAZ62FPK8R,2025-08-05 13:05:10,2025-08-05 13:05:59,0.014,7994.9,587381.5,Card,PIX,4334.7,4645.78,US,BR,BR,BR,Low,Low,Low,Low,No,No,None,None,No,No,Yes,No,cross_border;geo_country_change,Alta,Yes,R17,Geo-salto físico improvável
C102202,TYMULX2N5E314,T67TZOWMOJUMW,2025-09-13 22:40:36,2025-09-14 01:07:12,2.443,7983.6,3267.5,PIX,PIX,1106.46,1560.32,GB,BR,BR,BR,Low,Low,Low,Low,No,No,None,None,No,No,Yes,No,cross_border;geo_country_change,Alta,Yes,R17,Geo-salto físico improvável
C101137,T7C9DAE92XY1B,TDF47OIO1SLDI,2025-10-04 08:03:32,2025-10-04 11:02:35,2.984,7983.3,2675.2,Card,PIX,514.8,619.27,BR,US,BR,BR,Low,Low,Low,Low,No,No,None,None,No,No,No,Yes,cross_border;geo_country_change,Alta,Yes,R17,Geo-salto físico improvável
C100296,TRPV840FW0COZ,T79AIE4272W1U,2025-09-16 22:16:18,2025-09-16 23:54:07,1.63,7975.4,4892.1,Card,Card,887.24,1266.55,RU,US,BR,BR,Monitored,Low,Low,Low,No,No,None,Proxy,No,No,Yes,Yes,proxy_vpn_tor;cross_border;geo_country_change,Alta,Yes,R17,Geo-salto físico improvável
C101299,TVVX8QFLKO7J7,TSG6Z159YU4XV,2025-08-10 15:04:20,2025-08-10 16:20:59,1.278,7970.6,6239.2,PIX,PIX,4266.37,17254.93,PT,BR,BR,BR,Low,Low,Low,Low,No,No,None,None,Yes,No,Yes,No,device_rooted;cross_border;geo_country_change,Alta,Yes,R17,Geo-salto físico improvável
C100900,TI10JK608KFNN,T7JSZM9UPS5JQ,2025-09-28 17:23:51,2025-09-28 18:37:52,1.234,7966.4,6457.8,PIX,PIX,2025.85,11420.57,US,BR,BR,BR,Low,Low,Low,Low,No,No,None,None,No,No,Yes,No,cross_border;geo_country_change,Alta,Yes,R17,Geo-salto físico improvável
C100515,TNVYQ981IBKVY,TNUVT9NBWQMME,2025-07-04 10:52:48,2025-07-04 13:12:57,2.336,7954.4,3405.4,PIX,Card,5246.34,2282.8,GB,BR,BR,BR,Low,Low,Low,Low,No,No,None,Tor,No,No,Yes,No,proxy_vpn_tor;cross_border;geo_country_change,Alta,Yes,R17,Geo-salto físico improvável
C102204,TRA5NAAK9T441,TDOHRZ05J475E,2025-08-22 22:24:29,2025-08-23 00:56:40,2.536,7953.1,3135.6,Card,Wire,657.42,2586.57,FR,BR,BR,BR,Low,Low,Low,Low,No,No,None,None,No,No,Yes,No,cross_border;geo_country_change,Alta,Yes,R17,Geo-salto físico improvável
C100031,TD6IW8EHR4CMB,TKCXO1U2TK4NZ,2025-09-24 05:46:26,2025-09-24 08:19:49,2.556,7938.7,3105.4,PIX,Card,947.17,1712.9,US,GB,BR,BR,Low,Low,Low,Low,No,No,None,None,No,No,Yes,Yes,cross_border;geo_country_change,Alta,Yes,R17,Geo-salto físico improvável
C100802,T63E0Q2ISJNAY,TG1II9VDDKRTV,2025-09-21 04:43:39,2025-09-21 12:16:29,7.547,7935.1,1051.4,PIX,PIX,3640.05,971.1,BR,ES,BR,BR,Low,Low,Low,Low,No,No,None,VPN,No,No,No,Yes,proxy_vpn_tor;cross_border;geo_country_change,Alta,Yes,R17,Geo-salto físico improvável
C100344,T7ZROARKPA1ME,TOWSDS5SLNDJG,2025-09-28 10:09:48,2025-09-28 11:25:54,1.268,7927.1,6250.0,PIX,PIX,1567.86,2347.57,US,BR,BR,BR,Low,Low,Low,Low,No,No,None,None,No,No,Yes,No,cross_border;geo_country_change,Alta,Yes,R17,Geo-salto físico improvável
C100772,TWXB1SYICVLA0,T1OWQP6DEH4RV,2025-09-25 02:13:46,2025-09-25 02:42:14,0.474,7922.1,16697.7,PIX,Card,671.39,286.4,FR,BR,BR,BR,Low,Low,Low,Low,No,No,None,None,No,Yes,Yes,No,device_rooted;cross_border;geo_country_change,Alta,Yes,R17,Geo-salto físico improvável
C101233,TD5FI3ZJFC7RL,TDWN5OSHKZ13J,2025-09-04 02:51:43,2025-09-04 03:44:16,0.876,7921.0,9044.0,PIX,Card,4712.33,1198.02,DE,CN,BR,BR,Low,Low,Low,Low,No,No,None,None,No,No,Yes,Yes,cross_border;geo_country_change,Alta,Yes,R17,Geo-salto físico improvável
C102243,TI5KFH91BP8GL,TNG3RU16T2OWY,2025-07-13 13:42:28,2025-07-13 14:07:51,0.423,7913.6,18705.9,PIX,PIX,673.84,4233.91,PT,BR,BR,BR,Low,Low,Low,Low,No,No,None,None,No,No,Yes,No,cross_border;geo_country_change,Alta,Yes,R17,Geo-salto físico improvável
C100836,TI4SAARRM237V,T7D1VWPAU037P,2025-08-25 04:39:35,2025-08-25 13:01:25,8.364,7911.5,945.9,Card,Card,1916.36,3294.0,BR,LY,BR,BR,Low,Monitored,Low,Low,No,No,None,VPN,No,No,No,Yes,proxy_vpn_tor;cross_border;geo_country_change,Alta,Yes,R17,Geo-salto físico improvável
C100318,TUFNR1DL6PSVA,TMJCUK5G4VNTG,2025-07-10 08:39:08,2025-07-10 10:18:24,1.654,7901.9,4776.2,PIX,PIX,7040.29,29172.07,PT,BR,BR,BR,Low,Low,Low,Low,No,No,None,VPN,No,No,Yes,No,proxy_vpn_tor;cross_border;geo_country_change,Alta,Yes,R17,Geo-salto físico improvável
C100650,TY06DGJWA683O,TQ6KP66FFF4BW,2025-08-28 01:52:35,2025-08-28 04:19:18,2.445,7890.4,3226.8,Card,PIX,24801.44,813.35,BR,ES,BR,BR,Low,Low,Low,Low,No,No,None,VPN,No,No,No,Yes,proxy_vpn_tor;cross_border;geo_country_change,Alta,Yes,R17,Geo-salto físico improvável
C102095,TF355AV8J160E,T4ULXLE0Y6M1S,2025-07-22 05:17:30,2025-07-22 17:06:59,11.825,7864.8,665.1,Card,PIX,10062.35,3118.94,BR,FR,BR,BR,Low,Low,Low,Low,No,No,None,Tor,No,No,No,Yes,proxy_vpn_tor;cross_border;geo_country_change,Alta,Yes,R17,Geo-salto físico improvável
C100667,TEZ3J9E8A31XS,TQ876UT25CNKB,2025-08-05 14:30:55,2025-08-05 17:30:22,2.991,7858.1,2627.4,PIX,Card,1218.21,2734.89,PT,BR,BR,BR,Low,Low,Low,Low,No,No,None,None,No,No,Yes,No,cross_border;geo_country_change,Alta,Yes,R17,Geo-salto físico improvável
C100601,TXDT0O4KJYAJV,TR44UONNH0HTE,2025-09-14 10:52:56,2025-09-14 13:34:37,2.695,7838.2,2908.7,Card,Card,2612.82,1911.87,US,BR,BR,BR,Low,Low,Low,Low,No,No,None,None,No,No,Yes,No,cross_border;geo_country_change,Alta,Yes,R17,Geo-salto físico improvável
C101876,T42IJNI61LU4C,TC86SJUTZM246,2025-08-05 08:53:51,2025-08-05 10:59:58,2.102,7827.9,3724.1,Card,PIX,7657.15,14416.26,FR,BR,BR,BR,Low,Low,Low,Low,No,No,None,None,No,No,Yes,No,cross_border;geo_country_change,Alta,Yes,R17,Geo-salto físico improvável
C101903,TOWHYSOLQHYUC,TXDWCUQYCIDUZ,2025-09-28 08:44:36,2025-09-28 10:33:46,1.819,7820.3,4298.2,Card,PIX,1562.28,1764.51,PT,BR,BR,BR,Low,Low,Low,Low,No,No,None,None,Yes,No,Yes,No,device_rooted;cross_border;geo_country_change,Alta,Yes,R17,Geo-salto físico improvável
C101547,TU0YKABLTAHON,TPSAOS085BY3X,2025-07-22 11:47:04,2025-07-22 18:32:02,6.749,7814.6,1157.8,Card,PIX,165.91,3459.73,BR,ES,BR,BR,Low,Low,Low,Low,No,No,VPN,None,No,No,No,Yes,proxy_vpn_tor;cross_border;geo_country_change,Alta,Yes,R17,Geo-salto físico improvável
C102372,TUSVH9GTWQW90,TLH8J821WM3U0,2025-07-30 15:59:31,2025-07-30 17:08:00,1.141,7810.5,6843.0,PIX,Card,1303.64,1413.37,BR,US,BR,BR,Low,Low,Low,Low,No,No,None,None,No,No,No,Yes,cross_border;geo_country_change,Alta,Yes,R17,Geo-salto físico improvável
C100043,TVHBVYYM4K7US,TZ9J5PZ95ZPZH,2025-09-19 07:30:55,2025-09-19 09:57:01,2.435,7806.5,3206.0,PIX,PIX,925.33,3156.45,BR,ES,BR,BR,Low,Low,Low,Low,No,No,None,None,No,No,No,Yes,cross_border;geo_country_change,Alta,Yes,R17,Geo-salto físico improvável
C102087,TB3X1YIKIO8RE,TTMUWEBEWMWV3,2025-09-04 16:21:55,2025-09-04 16:41:37,0.328,7780.5,23696.9,Card,PIX,3100.2,1214.42,BR,PT,BR,BR,Low,Low,Low,Low,No,No,None,None,No,No,No,Yes,cross_border;geo_country_change,Alta,Yes,R17,Geo-salto físico improvável
C100376,TJ54V1CJIUWWZ,TKPZ0XYOREIZ9,2025-08-03 00:10:11,2025-08-03 02:17:59,2.13,7750.5,3638.7,Wire,Wire,2458.8,1483.28,US,BR,BR,BR,Low,Low,Low,Low,No,No,None,None,No,No,Yes,No,cross_border;geo_country_change,Alta,Yes,R17,Geo-salto físico improvável
C101208,T01OIP42LWSQO,TKQD7O5QATE4I,2025-09-17 14:34:48,2025-09-17 17:16:33,2.696,7657.3,2840.4,Wire,PIX,17044.1,2091.73,PT,BR,BR,BR,Low,Low,Low,Low,No,No,None,None,No,No,Yes,No,cross_border;geo_country_change,Alta,Yes,R17,Geo-salto físico improvável
C102305,TZ1Q5LTAVRDYC,TZ9V1AC2YWJOH,2025-09-13 01:56:18,2025-09-13 03:02:30,1.103,7634.8,6919.8,PIX,PIX,900.48,1394.41,BR,US,FR,BR,Low,Low,Low,Low,No,No,None,None,No,Yes,No,Yes,device_rooted;cross_border;geo_country_change,Alta,Yes,R17,Geo-salto físico improvável
C102261,TBLVLA5OL6P2B,TNJKL8K9BBEC8,2025-09-08 09:49:03,2025-09-08 11:39:03,1.833,7627.3,4160.4,PIX,PIX,585.63,1748.57,BR,PT,BR,BR,Low,Low,Low,Low,No,No,None,None,No,No,No,Yes,cross_border;geo_country_change,Alta,Yes,R17,Geo-salto físico improvável
C102130,TASSCSX2Q37CV,THM192XA1S6YX,2025-08-21 19:14:21,2025-08-21 21:17:51,2.058,7618.2,3701.1,PIX,PIX,4750.97,11479.61,US,BR,BR,BR,Low,Low,Low,Low,No,No,VPN,None,No,No,Yes,No,proxy_vpn_tor;cross_border;geo_country_change,Alta,Yes,R17,Geo-salto físico improvável
C102266,TIT26J342PA63,T8B9X1H5TVXU9,2025-08-13 11:39:40,2025-08-13 11:58:40,0.317,7581.6,23941.9,PIX,PIX,6292.53,160.36,GB,BR,BR,BR,Low,Low,Low,Low,No,No,None,None,No,No,Yes,No,cross_border;geo_country_change,Alta,Yes,R17,Geo-salto físico improvável
C101207,T0SJD0QQ43MYK,TR2RIBU0F7VTA,2025-10-02 21:55:05,2025-10-02 23:16:57,1.364,7572.2,5549.7,Card,PIX,5284.3,7480.71,BR,US,BR,BR,Low,Low,Low,Low,No,No,None,None,No,No,No,Yes,cross_border;geo_country_change,Alta,Yes,R17,Geo-salto físico improvável
C100392,TNPP15PMXXVW4,TGUQAODA0ZR59,2025-07-18 06:19:22,2025-07-18 09:02:31,2.719,7561.0,2780.6,PIX,PIX,725.28,3755.98,BR,PT,BR,BR,Low,Low,Low,Low,No,No,None,None,No,No,No,Yes,cross_border;geo_country_change,Alta,Yes,R17,Geo-salto físico improvável
C100955,TWK5SPOXB9UNU,TBMOHFOWN9GXV,2025-08-11 23:39:57,2025-08-12 00:28:56,0.816,7558.0,9257.9,Card,PIX,1705.65,1016.05,PT,BR,BR,BR,Low,Low,Low,Low,No,No,None,None,No,No,Yes,No,cross_border;geo_country_change,Alta,Yes,R17,Geo-salto físico improvável
C101784,TNV51TL6L2M5D,TI75YCXTI1F03,2025-07-05 16:10:22,2025-07-06 03:23:38,11.221,7543.4,672.3,PIX,Card,11702.21,2554.8,BR,PT,BR,BR,Low,Low,Low,Low,No,No,None,Proxy,No,No,No,Yes,proxy_vpn_tor;cross_border;geo_country_change,Alta,Yes,R17,Geo-salto físico improvável
C100357,TRLSJEH1UMBMR,TPUTE7ZYEKUUP,2025-07-29 16:21:23,2025-07-29 19:07:26,2.768,7535.6,2722.9,PIX,PIX,1634.66,6041.57,BR,ES,BR,BR,Low,Low,Low,Low,No,No,None,None,No,No,No,Yes,cross_border;geo_country_change,Alta,Yes,R17,Geo-salto físico improvável
C100327,TC50Y9C8SGW32,T8IS6X0WMCPLP,2025-08-27 17:54:44,2025-08-27 19:24:44,1.5,7532.4,5021.6,Card,PIX,947.87,5072.26,BR,PT,BR,BR,Low,Low,Low,Low,No,No,None,None,No,No,No,Yes,cross_border;geo_country_change,Alta,Yes,R17,Geo-salto físico improvável
C101536,TP1L2K9CZ1CW0,T54215BSFXAPX,2025-10-01 14:03:07,2025-10-01 14:44:53,0.696,7518.1,10800.2,Card,Card,1133.16,499.72,US,BR,BR,BR,Low,Low,Low,Low,No,No,None,None,No,No,Yes,No,cross_border;geo_country_change,Alta,Yes,R17,Geo-salto físico improvável
C100600,TCQUY4TAMA1EB,T0SD9TLW5JPT4,2025-07-09 13:28:41,2025-07-09 15:05:42,1.617,7505.0,4641.5,Card,PIX,6194.58,1078.35,US,BR,BR,BR,Low,Low,Low,Low,No,No,None,None,No,No,Yes,No,cross_border;geo_country_change,Alta,Yes,R17,Geo-salto físico improvável
C100720,TRJ11DNG8DZ5C,TO99O7FHZ5ZAX,2025-08-17 23:51:03,2025-08-18 00:58:28,1.124,7496.2,6671.6,PIX,PIX,1269.06,10254.9,BR,GB,BR,BR,Low,Low,Low,Low,No,No,None,None,No,No,No,Yes,cross_border;geo_country_change,Alta,Yes,R17,Geo-salto físico improvável
C100452,T1GO7FZE83NCT,TETGPF1D22TAQ,2025-07-31 02:00:42,2025-07-31 04:35:06,2.573,7489.7,2910.5,Card,Card,1330.07,23591.29,GB,BR,BR,BR,Low,Low,Low,Low,No,No,None,None,No,No,Yes,No,cross_border;geo_country_change,Alta,Yes,R17,Geo-salto físico improvável
C101899,TT4Q203T613D8,TE6K3DJRBZ4DN,2025-08-07 12:45:22,2025-08-07 14:37:47,1.874,7489.6,3997.4,PIX,Card,953.3,1620.9,DE,BR,BR,BR,Low,Low,Low,Low,No,No,Proxy,None,No,No,Yes,No,proxy_vpn_tor;cross_border;geo_country_change,Alta,Yes,R17,Geo-salto físico improvável
C102261,TEH4GE2W8DGUP,T077H6ST6K6RV,2025-07-11 08:07:57,2025-07-11 09:19:53,1.199,7445.4,6210.3,Card,Card,6608.06,6364.56,BR,ES,BR,BR,Low,Low,Low,Low,No,No,None,None,No,No,No,Yes,cross_border;geo_country_change,Alta,Yes,R17,Geo-salto físico improvável
C101048,TOZEZEWZEU6MN,TVY1O1QZE7U61,2025-07-18 02:04:08,2025-07-18 02:59:57,0.93,7424.2,7980.6,Wire,PIX,6694.68,1231.66,US,BR,BR,BR,Low,Low,Low,Low,No,No,None,None,No,No,Yes,No,cross_border;geo_country_change,Alta,Yes,R17,Geo-salto físico improvável
C102046,TMP9GJZAKUKGA,TE7FUBD5FM0WJ,2025-07-18 09:16:30,2025-07-18 09:19:25,0.049,7413.6,152508.5,PIX,PIX,2804.04,1654.7,BR,US,BR,BR,Low,Low,Low,Low,No,No,None,None,No,Yes,No,Yes,device_rooted;cross_border;geo_country_change,Alta,Yes,R17,Geo-salto físico improvável
C100028,T0MP4A78JJL91,TEM5VT6YRCKTQ,2025-08-20 23:06:17,2025-08-21 00:02:47,0.942,7413.1,7872.3,PIX,PIX,894.64,5747.87,US,DE,BR,BR,Low,Low,Low,Low,No,No,None,None,No,No,Yes,Yes,cross_border;geo_country_change,Alta,Yes,R17,Geo-salto físico improvável
C100475,TEC2G6OWT3Q5O,TCNSN65M555I2,2025-09-11 17:18:47,2025-09-11 17:25:22,0.11,7403.4,67473.9,Card,Card,6708.26,1111.55,BR,US,BR,BR,Low,Low,Low,Low,No,No,None,None,No,No,No,Yes,cross_border;geo_country_change,Alta,Yes,R17,Geo-salto físico improvável
C100966,TQ1VUYD9DIAWU,TN35HNL5QWD61,2025-08-10 12:35:46,2025-08-10 14:13:53,1.635,7385.7,4516.5,PIX,PIX,4037.73,3243.83,GB,BR,BR,BR,Low,Low,Low,Low,No,No,None,None,No,Yes,Yes,No,device_rooted;cross_border;geo_country_change,Alta,Yes,R17,Geo-salto físico improvável
C100488,TXLXO5T3BJCFM,TR3AAY5K4H2JH,2025-07-10 05:52:40,2025-07-10 06:20:01,0.456,7379.2,16188.4,PIX,PIX,5695.0,1128.04,RU,US,BR,BR,Monitored,Low,Low,Low,No,No,None,None,No,No,Yes,Yes,cross_border;geo_country_change,Alta,Yes,R17,Geo-salto físico improvável
C102196,THK96X9WUOYMR,TMVNQP5MCP6H8,2025-10-01 18:45:44,2025-10-01 20:35:54,1.836,7375.6,4017.0,PIX,Card,885.56,3671.9,BR,US,BR,BR,Low,Low,Low,Low,No,No,None,None,No,No,No,Yes,cross_border;geo_country_change,Alta,Yes,R17,Geo-salto físico improvável
C102018,TI5L0I1270PX8,TFU5L985NUSI0,2025-09-21 21:17:01,2025-09-21 21:51:08,0.569,7354.2,12933.7,Card,Card,2709.3,724.83,US,BR,BR,BR,Low,Low,Low,Low,No,No,None,None,No,No,Yes,No,cross_border;geo_country_change,Alta,Yes,R17,Geo-salto físico improvável
C102082,TE06Z11E6A5FV,TA2QJFWBO3IEE,2025-08-03 01:51:35,2025-08-03 06:54:30,5.049,7354.1,1456.6,PIX,PIX,2042.58,3641.25,BR,DE,BR,BR,Low,Low,Low,Low,No,No,Proxy,None,No,No,No,Yes,proxy_vpn_tor;cross_border;geo_country_change,Alta,Yes,R17,Geo-salto físico improvável
C102163,T5J70ELDQALRC,T6K9DOK7RKGU8,2025-08-10 07:56:46,2025-08-10 09:52:11,1.924,7309.2,3799.7,Card,Card,8803.25,7852.86,PT,BR,BR,BR,Low,Low,Low,Low,No,No,None,None,No,No,Yes,No,cross_border;geo_country_change,Alta,Yes,R17,Geo-salto físico improvável
C101921,TAQNSL9XA2EVT,T8WFIDFBA638H,2025-08-15 22:26:28,2025-08-16 05:05:55,6.657,7307.2,1097.6,PIX,PIX,3198.32,7064.9,BR,US,BR,BR,Low,Low,Low,Low,No,No,Proxy,None,No,No,No,Yes,proxy_vpn_tor;cross_border;geo_country_change,Alta,Yes,R17,Geo-salto físico improvável
C100690,T2105DPLQ2FMO,TZ82ASX4TSNTA,2025-07-25 00:09:15,2025-07-25 01:32:57,1.395,7291.2,5226.6,Card,PIX,5500.94,12279.08,RU,FR,BR,BR,Monitored,Low,Low,Low,No,No,None,None,No,No,Yes,Yes,cross_border;geo_country_change,Alta,Yes,R17,Geo-salto físico improvável
C100935,TYJ3UG0DDW690,TLN7PV30LJPE5,2025-07-22 00:17:54,2025-07-22 01:00:52,0.716,7287.5,10176.6,Card,Card,20527.9,525.28,ES,BR,BR,BR,Low,Low,Low,Low,No,No,None,None,No,No,Yes,No,cross_border;geo_country_change,Alta,Yes,R17,Geo-salto físico improvável
C100673,T8TW98XSE4D6C,TT56F9BAK2LQ8,2025-09-29 19:09:14,2025-09-29 20:09:48,1.009,7242.0,7174.3,Card,PIX,12165.9,1593.41,US,BR,BR,BR,Low,Low,Low,Low,No,No,VPN,None,Yes,No,Yes,No,proxy_vpn_tor;device_rooted;cross_border;geo_country_change,Alta,Yes,R17,Geo-salto físico improvável
C100769,TSDEUKU7LZ0WQ,TSF3NF5BWFFA9,2025-09-01 11:08:22,2025-09-01 11:19:17,0.182,7241.9,39802.8,Wire,Card,1542.18,5079.08,GB,BR,BR,BR,Low,Low,Low,Low,No,No,None,VPN,No,No,Yes,No,proxy_vpn_tor;cross_border;geo_country_change,Alta,Yes,R17,Geo-salto físico improvável
C101430,T6G2QVH7QU73R,T3XI18FIAGK35,2025-07-08 07:27:08,2025-07-08 09:16:57,1.83,7205.5,3936.8,PIX,Card,4937.5,2754.72,BR,US,BR,BR,Low,Low,Low,Low,No,No,None,VPN,No,No,No,Yes,proxy_vpn_tor;cross_border;geo_country_change,Alta,Yes,R17,Geo-salto físico improvável
C101168,T6SZFLOANELAF,THV3NHTXW034T,2025-09-21 00:13:52,2025-09-21 02:59:52,2.767,7197.0,2601.3,PIX,PIX,735.85,789.52,BR,PT,BR,BR,Low,Low,Low,Low,No,No,None,None,No,No,No,Yes,cross_border;geo_country_change,Alta,Yes,R17,Geo-salto físico improvável
C101048,T8MNLCPAG3PCU,TUWUZSDMDG0C2,2025-07-02 12:51:29,2025-07-02 16:17:45,3.438,7185.3,2090.1,PIX,PIX,2695.0,12105.51,US,BR,BR,BR,Low,Low,Low,Low,No,No,None,None,No,Yes,Yes,No,device_rooted;cross_border;geo_country_change,Alta,Yes,R17,Geo-salto físico improvável
C100512,TVRTGZLIXM1S2,TU892QDU58MED,2025-08-22 18:32:55,2025-08-23 02:46:11,8.221,7174.5,872.7,PIX,PIX,4207.79,2890.02,BR,DE,BR,BR,Low,Low,Low,Low,No,No,None,Proxy,No,No,No,Yes,proxy_vpn_tor;cross_border;geo_country_change,Alta,Yes,R17,Geo-salto físico improvável
C101221,TILFTC1AGEKY6,T3FMNUP1HS9HV,2025-09-14 22:51:23,2025-09-15 01:02:36,2.187,7162.4,3275.1,PIX,PIX,460.21,1891.61,US,BR,BR,BR,Low,Low,Low,Low,No,No,Tor,Proxy,No,No,Yes,No,proxy_vpn_tor;cross_border;geo_country_change,Alta,Yes,R17,Geo-salto físico improvável
C102430,TWJ00CKCNJC7L,TC11EZGN0BG4I,2025-09-06 17:29:03,2025-09-06 17:33:25,0.073,7152.2,98274.2,Card,PIX,5941.4,9133.83,BR,PT,BR,BR,Low,Low,Low,Low,No,No,None,None,No,No,No,Yes,cross_border;geo_country_change,Alta,Yes,R17,Geo-salto físico improvável
C101647,TXABBX5CQS9QS,T4RWIZETVGRI1,2025-07-29 01:50:10,2025-07-29 02:47:53,0.962,7113.2,7394.6,Card,Card,1045.77,2115.96,BR,US,BR,BR,Low,Low,Low,Low,No,No,None,None,No,No,No,Yes,cross_border;geo_country_change,Alta,Yes,R17,Geo-salto físico improvável
C100597,TPMIZP8WT7GP0,TYUAQND2BS0K5,2025-07-21 04:23:53,2025-07-21 05:28:39,1.079,7110.7,6587.4,PIX,PIX,404.27,4001.01,CN,ES,BR,BR,Low,Low,Low,Low,No,No,None,None,No,No,Yes,Yes,cross_border;geo_country_change,Alta,Yes,R17,Geo-salto físico improvável
C100278,TZC56D32BQCGW,TB4XVMUA5HI69,2025-09-09 04:31:25,2025-09-09 06:25:10,1.896,7099.1,3744.6,Card,Card,2577.39,1580.96,US,BR,BR,BR,Low,Low,Low,Low,No,No,None,None,No,No,Yes,No,cross_border;geo_country_change,Alta,Yes,R17,Geo-salto físico improvável
C101411,TCA6RLSUOENYT,TO41QYL35M72P,2025-08-30 12:18:28,2025-08-30 21:52:44,9.571,7091.1,740.9,PIX,Card,5201.57,706.58,US,BR,BR,BR,Low,Low,Low,Low,No,No,None,VPN,No,No,Yes,No,proxy_vpn_tor;cross_border;geo_country_change,Alta,Yes,R17,Geo-salto físico improvável
C101813,TDCTAVPOC90PW,TKOV6JNJOW12E,2025-08-12 08:46:48,2025-08-12 15:06:54,6.335,7085.8,1118.5,PIX,PIX,21897.94,2624.46,US,BR,BR,BR,Low,Low,Low,Low,No,No,VPN,None,No,No,Yes,No,proxy_vpn_tor;cross_border;geo_country_change,Alta,Yes,R17,Geo-salto físico improvável
